"","econ_interven","environment","redistribution","civlib_laworder","immigrate_policy","sociallifestyle","lrgen_factor","lrecon_factor","galtan_factor"
"1",5,5,8,6,7,5,5,5,6
"2",0,5,1,7,5,8,10,3,9
"3",5,5,8,6,3,5,4,5,5
"4",5,5,8,6,6,5,6,7,9
"5",2,5,8,9,10,8,6,7,9
"6",2,5,8,9,10,8,8,3,9
"7",2,6,8,9,10,8,6,4,9
"8",10,2,6,0,2,1,9,9,1
"9",10,2,6,0,2,1,9,9,1
"10",10,8,6,6,6,5,5,5,5
"11",2,7,6,8,8,8,5,5,8
"12",2,7,5,8,8,8,4,5,8
"13",4,7,6,7,7,6,5,5,8
"14",4,7,6,8,8,8,6,6,8
"15",1,10,4,10,10,10,9,4,9
"16",0,8,1,10,10,10,10,2,10
"17",1,10,4,10,10,10,9,5,9
"18",6,4,5,4,5,1,6,8,2
"19",6,5,5,4,6,2,7,8,3
"20",2,7,3,8,7,7,4,5,8
"21",4,2,5,8,5,4,7,7,5
"22",4,3,4,7,6,5,4,4,7
"23",7,1,5,6,4,5,6,7,7
"24",3,5,4,9,10,9,4,3,9
"25",7,5,7,4,4,3,7,5,4
"26",2,9,3,9,10,9,4,2,9
"27",2,8,3,9,10,10,3,3,9
"28",8,7,6,3,5,9,7,7,5
"29",9,5,7,5,6,9,8,9,6
"30",5,9,6,10,10,10,8,6,10
"31",2,6,3,5,7,5,4,4,6
"32",3,7,1,6,8,7,2,3,7
"33",1,7,2,4,4,4,5,2,4
"34",1,8,0,5,3,6,1,0,7
"35",1,9,3,8,9,8,8,3,8
"36",1,8,0,7,10,10,9,1,10
"37",1,8,2,9,10,10,10,2,10
"38",6,2,6,0,1,1,5,7,3
"39",7,5,7,2,4,3,7,9,4
"40",0,5,7,4,6,5,4,3,5
"41",6,5,6,6,5,6,6,6,5
"42",2,4,4,3,5,3,3,3,4
"43",5,5,4,4,5,4,5,6,5
"44",6,7,7,6,6,6,6,7,7
"45",5,10,7,8,8,8,9,8,9
"46",2,9,8,9,10,9,10,9,10
"47",6,5,8,9,9,9,9,8,10
"48",7,3,4,6,5,6,6,7,7
"49",8,5,6,7,6,6,7,7,8
"50",4,4,3,5,3,10,4,3,10
"51",4,7,7,6,9,4,7,8,7
"52",0,8,0,8,10,10,3,2,8
"53",7,7,5,2,8,1,6,6,3
"54",8,8,2,9,10,7,6,7,8
"55",8,8,7,9,10,9,7,7,8
"56",0,9,0,10,10,10,2,2,9
"57",6,9,6,10,10,10,6,7,10
"58",7,3,4,3,9,1,6,7,1
"59",8,8,8,7,9,8,8,8,6
"60",2,9,3,7,10,10,6,4,9
"61",10,9,6,8,9,9,6,5,2
"62",3,7,1,7,9,10,2,1,5
"63",3,7,3,3,9,10,3,2,10
"64",8,8,5,9,9,10,5,6,9
"65",2,10,2,10,10,10,1,1,10
"66",2,5,2,10,10,10,1,1,10
"67",2,7,2,10,10,10,1,1,10
"68",8,1,5,1,8,2,7,7,1
"69",9,8,5,1,8,2,7,7,1
"70",2,3,3,5,6,5,5,3,5
"71",8,8,8,8,6,7,8,8,7
"72",4,8,4,8,7,8,5,5,7
"73",5,5,5,5,4,5,5,5,3
"74",10,8,10,9,10,10,9,8,10
"75",10,10,9,10,10,10,9,8,10
"76",3,10,7,10,10,10,9,7,10
"77",10,10,7,10,10,10,9,9,10
"78",2,3,2,4,2,2,3,4,3
"79",6,6,6,6,4,5,8,8,4
"80",6,6,7,10,8,8,8,7,7
"81",7,3,5,5,7,5,6,6,4
"82",2,8,6,6,5,6,3,2,6
"83",4,8,4,4,6,6,5,3,7
"84",5,8,6,7,8,8,3,4,8
"85",6,8,8,7,8,9,6,3,8
"86",2,9,8,8,8,10,2,1,9
"87",6,4,8,7,8,9,5,3,8
"88",7,3,5,3,5,3,7,5,4
"89",7,3,5,3,5,3,7,5,4
"90",5,5,7,4,5,6,5,2,5
"91",4,7,6,7,8,5,4,4,8
"92",2,4,2,8,9,8,2,2,8
"93",5,6,7,7,8,5,6,6,7
"94",3,8,2,8,10,10,2,2,10
"95",5,5,6,8,10,10,4,2,10
"96",2,6,3,4,10,7,2,1,10
"97",5,4,6,9,10,10,4,4,10
"98",8,5,8,8,7,8,7,8,9
"99",8,5,8,7,7,7,7,8,9
"100",1,5,3,9,8,10,6,3,10
"101",6,6,6,6,7,4,7,7,3
"102",4,6,3,5,7,5,3,3,6
"103",4,6,4,5,5,5,5,6,7
"104",9,8,7,9,8,10,8,9,9
"105",9,9,7,10,10,10,10,10,9
"106",8,9,3,10,10,10,10,10,9
"107",8,6,7,10,10,10,9,9,9
"108",5,2,8,1,5,1,8,7,1
"109",10,6,9,2,5,1,8,9,1
"110",10,5,9,5,8,5,7,8,5
"111",6,5,6,5,8,6,5,5,8
"112",2,7,3,3,8,10,3,2,9
"113",2,7,3,3,7,10,3,3,10
"114",9,9,7,6,9,8,5,4,9
"115",9,9,7,10,10,10,8,4,10
"116",4,9,4,9,10,10,10,2,10
"117",5,9,5,9,10,10,7,5,9
"118",6,0,6,0,2,0,4,5,0
"119",8,1,8,1,3,3,7,8,2
"120",3,7,3,9,10,8,6,5,10
"121",7,2,6,7,7,7,7,6,8
"122",6,2,4,5,7,8,4,6,8
"123",5,2,4,5,6,6,5,6,6
"124",7,1,10,9,10,10,10,8,10
"125",7,1,3,9,10,10,10,8,10
"126",6,1,6,9,10,10,10,8,10
"127",7,1,6,9,10,10,10,7,10
"128",7,2,4,6,7,7,6,7,8
"129",8,1,5,6,7,7,7,8,8
"130",3,9,4,7,9,7,8,3,7
"131",4,6,4,9,8,5,7,7,7
"132",2,8,4,10,8,6,3,2,7
"133",2,7,4,9,8,6,4,4,7
"134",3,6,5,7,8,8,6,4,8
"135",8,5,6,4,6,8,9,8,5
"136",2,7,2,10,10,8,9,4,9
"137",2,6,2,10,10,8,9,4,9
"138",6,8,7,10,10,9,9,8,10
"139",10,8,10,9,10,10,9,10,9
"140",0,7,3,6,8,6,6,2,6
"141",7,7,8,3,3,4,5,5,4
"142",4,6,7,8,6,8,2,2,9
"143",3,6,7,7,9,9,2,5,8
"144",3,6,7,8,9,10,7,5,7
"145",3,6,7,8,9,10,7,5,6
"146",3,6,7,8,9,10,7,1,9
"147",3,6,7,8,8,9,5,1,10
"148",7,3,7,3,2,3,5,7,4
"149",8,3,7,3,2,3,5,7,3
"150",6,3,2,4,4,1,5,5,3
"151",4,7,6,7,6,7,5,5,3
"152",0,5,0,9,8,10,2,2,9
"153",5,6,5,5,4,6,5,6,5
"154",5,5,3,7,8,10,4,5,7
"155",4,6,3,9,10,10,4,6,9
"156",0,6,0,10,10,10,0,1,9
"157",2,6,2,10,10,10,2,5,9
"158",6,4,7,3,2,2,6,6,1
"159",7,5,7,4,3,4,7,7,3
"160",2,6,3,3,6,3,5,4,3
"161",8,6,6,5,9,5,6,6,3
"162",0,7,0,2,9,10,4,3,4
"163",9,7,5,1,5,4,5,5,4
"164",2,10,6,7,8,9,8,9,9
"165",1,10,4,10,10,10,9,10,9
"166",0,10,1,10,10,10,10,10,10
"167",1,10,4,10,10,10,9,10,9
"168",5,1,7,0,2,0,6,7,0
"169",10,6,9,8,9,9,8,9,7
"170",3,5,4,5,4,7,3,3,3
"171",6,4,5,6,4,5,7,7,7
"172",3,8,1,8,7,7,2,1,9
"173",4,6,3,5,3,4,5,5,8
"174",4,7,2,7,6,6,4,5,9
"175",5,8,2,10,9,8,6,6,10
"176",2,8,1,10,9,10,1,1,10
"177",3,7,3,10,8,9,3,3,10
"178",8,0,6,3,3,1,8,9,3
"179",7,1,8,6,5,6,9,9,4
"180",2,8,2,6,6,6,4,3,8
"181",8,9,6,9,8,9,7,8,7
"182",6,8,3,5,7,6,4,5,7
"183",8,9,4,3,6,5,5,6,5
"184",6,7,7,10,10,9,9,7,10
"185",8,10,10,10,10,10,10,9,10
"186",3,10,4,10,10,10,10,4,10
"187",4,10,6,10,10,10,10,4,10
"188",5,6,5,2,6,1,4,5,2
"189",9,9,7,5,8,7,8,9,8
"190",4,10,5,9,10,8,9,5,9
"191",8,9,6,9,8,8,7,8,8
"192",6,8,3,5,7,6,4,4,6
"193",8,9,4,3,6,4,5,6,5
"194",7,5,6,9,10,7,8,6,8
"195",3,9,4,10,10,10,10,4,10
"196",3,8,4,10,10,10,10,4,10
"197",4,8,4,10,10,10,10,4,10
"198",6,6,5,2,6,1,5,7,1
"199",9,9,7,5,9,8,8,9,9
"200",3,5,1,1,3,0,1,2,1
"201",5,5,5,5,4,3,7,6,5
"202",3,6,7,6,5,6,6,3,7
"203",5,3,4,4,2,3,5,5,5
"204",3,7,6,9,7,10,6,3,9
"205",3,5,6,9,8,10,7,3,10
"206",6,9,0,9,9,10,9,3,10
"207",2,9,5,9,7,10,7,3,10
"208",5,5,5,1,1,1,6,5,0
"209",8,5,2,1,1,1,7,6,1
"210",9,10,6,8,10,10,7,7,10
"211",7,8,4,5,10,6,8,4,7
"212",2,7,2,2,10,2,4,3,2
"213",2,5,4,7,10,9,8,7,10
"214",7,9,6,0,8,1,5,8,3
"215",1,3,1,5,10,6,7,2,7
"216",7,8,6,2,8,2,7,8,6
"217",5,6,0,9,8,6,6,2,7
"218",5,0,0,0,2,2,3,2,5
"219",1,8,1,7,10,8,10,3,10
"220",0,4,0,0,3,1,2,2,2
"221",3,6,0,3,7,2,6,3,7
"222",8,8,7,0,7,1,3,7,1
"223",2,3,4,0,7,1,4,7,1
"224",2,8,4,10,10,10,10,3,10
"225",4,6,4,6,6,7,6,5,6
"226",4,5,5,5,4,3,3,4,3
"227",5,4,3,7,8,9,8,6,9
"228",6,7,6,4,5,3,4,5,4
"229",2,4,4,5,5,5,5,4,5
"230",7,7,6,4,5,4,6,8,5
"231",3,4,3,6,5,4,5,2,6
"232",3,3,4,3,4,3,5,4,5
"233",3,5,4,6,8,8,8,5,8
"234",4,3,1,4,6,4,2,1,4
"235",5,6,3,6,5,6,5,3,5
"236",7,7,6,5,5,4,4,8,4
"237",6,5,5,3,4,3,2,6,3
"238",3,4,5,8,8,9,9,8,9
"239",5,8,5,5,8,5,8,5,8
"240",3,3,7,0,1,0,4,5,0
"241",5,6,7,1,3,6,6,6,8
"242",5,5,5,4,4,0,5,5,0
"243",9,6,5,3,4,7,5,6,5
"244",5,5,6,6,5,3,5,7,8
"245",8,0,6,1,1,0,3,7,0
"246",4,3,4,4,5,0,4,4,1
"247",7,7,5,10,9,9,8,7,7
"248",4,5,4,5,8,5,4,4,5
"249",7,3,5,1,2,0,3,6,1
"250",2,6,0,7,7,9,6,2,8
"251",3,1,1,1,0,0,4,3,0
"252",6,7,6,9,10,10,9,7,10
"253",6,7,5,6,5,5,7,6,7
"254",4,6,4,4,3,2,3,4,2
"255",6,7,5,7,6,8,7,6,7
"256",7,6,7,3,3,2,3,8,2
"257",6,4,6,6,7,5,6,7,6
"258",7,3,7,5,3,4,7,9,5
"259",3,6,6,7,7,9,7,6,10
"260",3,2,3,3,3,2,2,3,2
"261",7,6,7,7,8,7,8,7,7
"262",6,6,5,6,6,8,7,7,7
"263",4,6,4,6,6,7,6,6,7
"264",7,3,7,4,6,4,6,8,5
"265",6,6,7,4,4,2,4,8,2
"266",8,9,8,7,10,9,9,9,9
"267",3,6,4,8,7,8,7,5,7
"268",3,4,2,2,3,1,3,3,1
"269",4,4,5,9,9,10,9,7,10
"270",5,7,6,4,5,2,5,7,2
"271",4,3,4,4,1,3,5,4,4
"272",6,7,7,5,5,2,6,8,4
"273",3,6,4,4,6,4,5,4,5
"274",4,5,4,4,5,3,4,3,4
"275",4,4,5,9,8,7,9,5,9
"276",3,5,3,2,3,5,4,4,5
"277",3,8,3,5,5,4,5,2,5
"278",5,8,7,4,5,3,6,7,5
"279",4,5,7,3,4,1,5,6,3
"280",6,8,5,9,10,10,10,7,10
"281",3,6,5,5,6,5,8,4,6
"282",3,5,4,5,5,2,3,4,2
"283",5,4,6,5,7,7,8,5,7
"284",5,8,6,5,5,2,6,6,2
"285",5,6,5,5,6,4,5,4,3
"286",7,6,6,2,6,3,7,7,3
"287",1,6,2,5,6,5,2,3,3
"288",2,6,4,5,6,5,2,3,3
"289",2,6,5,8,8,7,9,4,9
"290",3,3,2,3,8,5,1,2,5
"291",2,8,3,5,5,4,2,3,5
"292",7,8,7,4,6,3,7,7,2
"293",7,6,6,4,5,2,5,7,1
"294",7,6,6,8,9,8,9,6,9
"295",1,8,4,6,7,7,6,4,6
"296",1,7,3,4,5,1,4,4,2
"297",3,9,5,7,10,8,8,5,8
"298",6,8,6,1,6,2,5,6,4
"299",2,1,2,1,4,1,3,4,5
"300",8,7,7,2,5,2,5,8,6
"301",2,3,0,4,4,3,4,3,0
"302",3,0,4,1,2,2,3,2,5
"303",5,5,7,8,10,9,9,8,9
"304",0,3,4,1,7,2,4,1,4
"305",4,6,4,6,5,6,7,4,6
"306",9,8,6,3,7,3,5,7,5
"307",4,3,4,0,4,0,3,5,1
"308",8,8,6,8,10,9,10,8,10
"309",5,3,3,6,7,8,7,5,8
"310",4,5,3,4,4,3,4,5,2
"311",6,10,5,7,9,9,8,8,9
"312",5,4,5,3,3,1,5,7,1
"313",4,4,2,10,5,8,6,3,7
"314",5,3,4,3,4,1,4,5,1
"315",3,5,2,4,2,6,5,4,5
"316",3,0,2,3,4,2,4,6,1
"317",5,9,2,7,9,8,9,8,9
"318",3,4,2,4,8,5,5,2,8
"319",5,6,4,6,7,9,7,5,6
"320",6,2,6,3,3,3,5,7,1
"321",4,4,4,3,2,2,3,3,1
"322",6,10,3,7,9,10,10,6,10
"323",4,7,4,7,7,6,6,5,4
"324",2,6,2,3,4,1,3,3,2
"325",7,4,7,6,7,5,5,8,6
"326",7,8,7,2,4,1,2,7,2
"327",1,3,1,5,5,4,4,2,5
"328",8,7,7,2,5,2,5,7,3
"329",0,6,0,6,6,6,4,1,5
"330",1,6,2,3,1,1,4,2,3
"331",4,4,4,8,8,7,7,5,7
"332",2,4,1,1,6,3,4,0,4
"333",3,5,2,4,5,6,5,2,5
"334",7,6,6,6,8,4,5,6,5
"335",4,3,3,4,4,1,2,4,3
"336",6,10,4,8,8,9,9,7,8
"337",4,6,4,9,9,8,7,7,8
"338",4,5,3,4,7,3,4,4,4
"339",6,6,3,10,10,10,9,8,10
"340",9,4,5,1,6,0,5,5,0
"341",5,3,4,4,6,2,5,4,4
"342",8,7,6,6,6,3,6,6,5
"343",2,5,2,3,2,4,4,3,4
"344",3,5,2,2,4,3,3,3,3
"345",8,7,8,9,10,9,10,9,9
"346",6,6,2,5,7,6,8,8,4
"347",8,5,3,5,6,7,6,7,8
"348",7,2,5,4,2,4,3,5,4
"349",7,3,5,0,4,0,5,3,0
"350",10,8,6,10,10,10,10,9,10
"351",5,5,5,5,10,5,6,7,9
"352",5,5,5,5,7,1,4,5,4
"353",5,5,5,7,10,10,9,10,10
"354",10,8,10,5,5,1,5,5,2
"355",3,3,5,5,7,4,5,4,5
"356",10,8,10,5,8,2,5,5,2
"357",5,3,3,5,5,5,5,5,5
"358",4,3,4,5,5,0,3,3,3
"359",4,5,4,8,10,10,10,10,10
"360",5,5,5,8,10,10,9,10,4
"361",5,5,4,5,9,5,5,5,7
"362",5,5,5,8,5,10,6,5,4
"363",6,7,6,5,5,0,5,5,1
"364",5,5,5,10,10,10,9,9,10
"365",6,6,7,7,8,7,8,7,8
"366",4,5,4,2,4,2,1,3,2
"367",7,5,6,8,9,8,9,8,8
"368",7,5,5,2,4,1,1,4,1
"369",4,5,3,2,4,2,3,4,4
"370",8,5,7,5,5,3,5,5,5
"371",2,5,2,5,5,5,5,4,5
"372",2,5,3,1,3,1,1,2,1
"373",7,5,4,8,8,8,8,8,8
"374",2,5,1,4,4,4,5,4,4
"375",4,5,3,4,5,5,5,4,5
"376",4,5,4,4,5,4,3,3,2
"377",4,5,3,2,4,1,1,1,1
"378",6,5,4,9,9,9,9,10,9
"379",3,6,5,6,8,5,6,6,5
"380",3,4,3,5,6,2,4,4,3
"381",3,5,4,6,7,6,6,7,7
"382",5,5,4,5,4,3,5,8,3
"383",3,4,3,5,6,5,4,4,4
"384",6,6,6,4,5,1,7,8,2
"385",2,4,3,1,4,4,3,3,2
"386",7,3,5,2,4,4,4,4,4
"387",4,5,3,7,9,10,8,5,9
"388",1,4,4,4,7,3,4,3,1
"389",4,5,4,5,6,6,5,5,6
"390",5,8,5,4,4,2,6,7,3
"391",2,3,2,2,0,0,3,3,0
"392",9,9,9,8,10,10,10,8,10
"393",2,7,6,7,8,8,6,2,7
"394",2,5,3,5,5,2,3,3,2
"395",2,6,4,6,9,8,7,3,8
"396",3,5,5,4,5,2,5,5,3
"397",2,4,4,5,7,6,6,4,7
"398",3,6,6,4,5,4,5,5,5
"399",2,6,4,5,5,4,4,2,5
"400",1,4,4,2,5,2,3,2,3
"401",2,5,5,7,7,8,8,3,8
"402",1,6,1,5,8,3,2,2,5
"403",2,5,4,5,5,5,5,3,4
"404",3,5,5,5,5,5,5,5,3
"405",3,5,5,5,5,2,4,5,3
"406",1,5,4,7,8,9,9,4,9
"407",6,7,7,8,10,9,8,7,9
"408",4,7,3,2,3,0,4,5,3
"409",8,7,1,10,10,10,9,8,10
"410",10,8,9,1,3,0,5,8,0
"411",3,5,4,1,4,2,4,5,2
"412",10,8,8,1,3,2,5,7,2
"413",3,5,4,5,5,5,4,3,5
"414",2,4,2,0,0,0,3,3,0
"415",4,4,6,8,10,9,9,4,9
"416",1,6,0,7,10,7,9,2,8
"417",5,5,5,5,5,7,5,5,6
"418",8,7,6,1,3,0,4,7,0
"419",8,5,3,1,2,0,3,7,0
"420",10,7,9,10,10,10,10,8,10
"421",5,6,5,6,8,7,6,5,6
"422",5,4,5,4,7,3,4,5,3
"423",5,5,5,7,8,8,7,7,7
"424",5,5,5,3,7,2,5,5,2
"425",5,4,4,5,7,5,4,5,5
"426",5,5,5,4,7,3,5,5,4
"427",3,6,3,4,7,4,4,5,6
"428",4,4,3,4,6,3,3,4,4
"429",5,6,5,8,9,8,8,6,9
"430",4,5,3,5,8,5,7,6,6
"431",5,7,4,5,8,5,6,5,7
"432",6,5,5,4,6,3,5,5,4
"433",5,4,5,3,6,2,3,5,2
"434",5,8,7,9,10,9,9,6,10
"435",3,6,4,6,7,5,6,4,6
"436",4,4,2,4,4,2,4,4,3
"437",5,6,4,8,9,6,7,5,8
"438",6,5,5,4,3,1,4,7,2
"439",6,8,4,5,6,3,4,4,4
"440",8,6,8,4,5,1,5,8,4
"441",3,5,2,9,9,10,10,5,8
"442",2,3,2,3,2,6,3,2,3
"443",3,5,3,9,8,8,8,3,8
"444",1,6,2,8,6,5,3,2,6
"445",3,6,4,5,6,5,6,3,6
"446",3,6,4,5,5,5,6,4,5
"447",4,5,3,2,4,0,4,6,2
"448",5,7,6,8,9,9,8,8,8
"449",3,5,3,7,8,7,7,3,8
"450",3,3,3,3,4,2,3,3,3
"451",5,5,5,9,10,8,9,4,9
"452",8,7,8,3,3,2,4,8,2
"453",4,4,3,5,6,5,5,3,6
"454",9,6,8,1,2,1,3,9,2
"455",3,3,2,5,7,5,5,2,6
"456",4,3,4,2,3,2,3,3,6
"457",4,6,3,7,9,8,8,3,8
"458",5,7,5,6,9,5,7,5,7
"459",3,2,2,5,6,6,6,2,6
"460",6,5,6,3,4,1,2,5,2
"461",5,7,4,2,3,2,3,6,2
"462",2,3,2,0,3,1,4,6,1
"463",3,7,6,7,7,7,7,4,7
"464",2,6,8,3,4,2,3,4,2
"465",3,8,7,8,8,9,8,5,9
"466",7,5,3,1,4,1,5,8,1
"467",4,6,6,3,5,3,5,4,5
"468",5,4,4,3,5,2,5,7,4
"469",2,8,8,5,5,4,4,3,5
"470",3,7,8,3,5,3,4,3,6
"471",5,5,4,7,7,8,8,5,9
"472",6,2,9,1,5,2,4,2,5
"473",4,8,6,5,5,5,5,4,5
"474",7,6,3,2,4,2,4,8,2
"475",6,3,4,2,3,1,3,7,1
"476",2,8,3,9,10,10,9,3,10
"477",3,7,4,5,9,8,7,5,8
"478",3,5,6,5,4,3,3,6,3
"479",3,8,4,9,9,9,8,4,9
"480",5,2,3,5,5,3,2,5,2
"481",2,4,3,8,4,6,5,2,5
"482",6,7,8,3,5,3,4,7,5
"483",1,7,1,8,10,10,7,1,8
"484",2,8,4,6,4,3,3,2,3
"485",3,5,5,10,9,8,8,6,10
"486",6,9,6,5,10,7,7,7,6
"487",2,9,2,7,10,8,8,2,8
"488",7,3,6,2,3,2,2,7,1
"489",4,6,6,4,3,2,2,5,1
"490",3,8,3,10,10,10,9,8,9
"491",5,5,4,8,7,7,7,3,8
"492",5,5,3,5,4,0,3,1,1
"493",5,3,4,8,10,9,8,1,9
"494",6,7,6,5,6,4,5,1,4
"495",7,3,4,2,5,3,3,1,3
"496",6,7,3,2,3,2,5,5,2
"497",2,3,0,6,5,5,5,0,5
"498",2,3,1,1,2,1,1,2,0
"499",4,6,4,9,9,7,8,5,9
"500",3,3,1,8,10,5,7,1,6
"501",2,5,2,10,9,7,7,1,8
"502",5,5,3,3,4,3,2,1,1
"503",5,7,3,1,3,0,1,4,0
"504",5,6,4,10,10,10,10,2,10
"505",5,7,5,5,6,7,5,5,6
"506",5,5,5,3,2,2,4,5,3
"507",5,8,5,6,7,8,7,6,8
"508",6,5,7,3,2,2,3,7,3
"509",5,9,5,5,4,5,5,5,5
"510",6,3,6,3,4,4,5,6,4
"511",3,4,1,3,3,5,5,3,5
"512",5,4,2,4,5,5,5,5,5
"513",4,6,4,7,8,8,7,5,6
"514",3,9,7,4,7,5,6,6,6
"515",3,8,4,5,7,6,6,6,6
"516",6,2,7,5,7,2,5,4,4
"517",6,5,7,3,2,1,2,6,2
"518",5,6,5,7,7,9,8,6,9
"519",5,7,6,7,7,8,7,6,7
"520",3,4,3,3,2,3,3,3,2
"521",6,7,6,8,8,9,8,6,8
"522",7,6,7,2,3,2,4,7,1
"523",3,3,3,4,5,4,5,4,4
"524",9,7,7,2,2,3,5,8,2
"525",3,4,3,4,4,5,3,3,3
"526",4,3,3,1,3,2,2,3,1
"527",4,7,4,8,8,9,8,4,9
"528",2,3,2,2,7,2,2,2,2
"529",4,7,4,5,5,7,5,4,6
"530",7,7,6,5,3,5,5,6,3
"531",5,4,3,2,2,2,3,5,2
"532",5,5,5,9,9,9,8,5,9
"533",1,10,0,9,10,9,9,2,10
"534",1,5,0,4,3,0,4,2,1
"535",1,6,0,9,10,10,8,1,10
"536",7,10,6,5,3,0,5,9,0
"537",4,2,0,4,4,1,3,2,2
"538",9,10,6,4,7,1,5,9,2
"539",3,2,0,6,4,1,4,2,5
"540",1,4,0,3,3,0,2,2,0
"541",1,9,0,10,10,10,10,2,9
"542",1,3,0,2,5,5,4,2,5
"543",1,9,0,10,10,3,8,1,5
"544",8,10,8,3,2,0,5,9,1
"545",7,4,2,3,3,0,4,7,0
"546",1,7,0,10,10,10,10,1,10
"547",4,9,3,4,8,5,4,4,7
"548",8,9,8,2,8,6,8,8,7
"549",4,2,4,0,2,0,5,5,0
"550",3,10,3,10,10,10,4,3,10
"551",0,10,0,10,10,4,0,0,10
"552",1,9,1,7,10,2,1,1,9
"553",5,6,4,5,4,7,5,5,9
"554",7,5,8,1,4,2,7,7,3
"555",6,5,7,1,4,1,7,7,3
"556",6,7,7,3,7,3,6,7,5
"557",7,8,8,6,8,4,8,8,6
"558",5,2,5,5,3,2,4,3,2
"559",2,7,2,8,9,10,10,2,9
"560",1,5,1,7,8,3,1,0,3
"561",3,4,3,4,7,3,3,2,4
"562",5,3,5,5,5,6,6,6,8
"563",6,3,6,6,6,5,7,7,7
"564",5,3,5,5,4,4,5,5,6
"565",2,8,3,9,10,4,4,4,7
"566",8,8,7,9,10,7,7,7,7
"567",2,3,2,2,3,0,2,4,1
"568",9,8,7,9,10,8,9,9,8
"569",1,7,2,9,9,7,1,2,8
"570",1,5,2,8,8,3,3,4,5
"571",2,6,3,8,8,5,6,7,7
"572",7,8,8,7,6,3,7,8,6
"573",7,8,8,7,6,3,7,7,6
"574",4,6,3,7,8,5,5,5,7
"575",7,8,7,7,8,7,8,8,8
"576",4,3,5,2,4,2,4,4,2
"577",3,8,4,9,9,8,10,3,9
"578",1,8,2,8,7,7,1,2,9
"579",3,6,3,6,6,5,3,4,6
"580",4,6,3,6,7,8,5,5,6
"581",6,4,6,2,3,3,7,7,3
"582",6,5,5,3,5,5,6,6,5
"583",8,9,7,7,8,8,5,5,7
"584",10,8,10,5,8,8,9,9,7
"585",5,3,4,5,4,0,5,5,0
"586",7,9,5,10,10,10,8,5,10
"587",3,9,1,8,8,8,0,0,9
"588",5,7,3,5,8,5,2,2,5
"589",6,5,5,7,8,10,5,5,9
"590",10,7,10,5,8,5,9,9,6
"591",6,3,7,5,8,3,7,7,2
"592",3,6,2,7,8,6,5,3,5
"593",9,10,9,9,8,9,8,8,9
"594",5,2,5,2,3,1,3,3,1
"595",6,10,2,10,10,9,10,5,10
"596",3,10,2,9,8,9,1,2,9
"597",4,7,2,6,7,5,4,3,5
"598",5,6,4,6,6,9,7,6,9
"599",9,6,8,5,2,2,8,8,9
"600",9,5,8,5,4,3,6,8,6
"601",2,8,3,4,8,3,5,5,5
"602",9,8,8,5,8,4,7,8,7
"603",4,2,4,1,4,0,5,4,2
"604",4,10,3,10,10,10,10,4,10
"605",0,9,0,10,9,9,0,1,9
"606",1,5,2,5,6,4,2,3,5
"607",5,6,5,6,7,8,6,5,8
"608",8,3,7,5,4,6,7,7,6
"609",5,4,7,4,5,2,6,6,3
"610",3,5,2,5,7,4,5,4,5
"611",8,9,8,7,9,10,8,8,8
"612",1,1,3,1,1,0,5,2,0
"613",4,10,4,10,10,10,10,4,10
"614",0,7,0,9,10,9,0,0,7
"615",1,5,1,6,8,4,3,2,5
"616",4,4,4,5,8,10,6,6,9
"617",7,3,7,2,1,1,7,7,5
"618",6,3,6,3,2,1,5,7,3
"619",5,8,3,7,10,5,5,5,5
"620",8,8,7,7,9,6,8,8,7
"621",4,4,5,2,7,1,5,6,1
"622",6,9,6,10,10,10,9,8,9
"623",0,8,1,8,9,5,1,1,9
"624",2,7,2,3,8,3,3,3,6
"625",5,7,6,6,8,10,6,6,10
"626",8,7,8,3,7,6,8,8,7
"627",4,7,5,7,8,6,6,6,8
"628",4,7,3,7,10,5,4,4,5
"629",7,7,8,7,10,7,8,8,8
"630",3,3,5,3,3,2,4,5,2
"631",3,10,5,9,10,9,9,2,9
"632",1,6,1,7,8,4,1,1,4
"633",2,5,2,5,7,4,2,2,4
"634",5,4,5,6,7,9,6,5,9
"635",7,6,8,3,3,3,8,8,3
"636",5,5,5,3,7,3,5,6,2
"637",2,7,4,7,8,4,5,4,5
"638",8,9,7,3,8,7,8,8,8
"639",3,2,2,7,2,1,3,3,1
"640",1,8,4,10,10,10,9,9,9
"641",1,9,1,10,10,5,9,1,9
"642",3,5,2,4,3,3,2,2,4
"643",5,4,3,6,7,7,7,6,8
"644",7,3,6,3,6,4,8,7,6
"645",7,4,6,3,5,3,7,7,5
"646",0,1,1,1,1,0,3,4,1
"647",10,8,8,2,9,9,8,7,8
"648",7,6,5,2,6,1,6,5,2
"649",3,8,3,7,10,9,9,3,10
"650",5,8,1,6,9,9,1,2,10
"651",5,4,5,3,5,2,3,3,8
"652",5,8,2,6,9,9,4,5,10
"653",7,6,4,6,6,3,8,7,4
"654",7,7,7,3,1,3,8,7,4
"655",3,6,2,4,10,6,4,4,7
"656",6,9,8,2,10,9,7,7,6
"657",3,1,3,0,0,0,3,2,0
"658",2,9,4,10,10,10,10,10,10
"659",1,5,2,7,10,3,0,0,9
"660",3,6,2,5,9,4,3,4,6
"661",4,6,5,4,5,6,6,4,8
"662",7,8,8,1,6,3,7,6,8
"663",5,2,6,0,2,0,7,6,2
"664",3,9,5,7,8,6,6,6,5
"665",7,9,8,8,9,8,8,8,8
"666",3,2,3,1,4,1,4,4,1
"667",2,9,3,10,10,10,9,5,9
"668",0,9,0,9,9,7,1,1,9
"669",1,6,1,5,8,4,3,2,4
"670",5,5,3,9,9,9,5,6,9
"671",7,4,7,6,4,5,6,7,6
"672",7,4,7,6,4,3,6,7,5
"673",3,7,3,7,7,6,4,4,7
"674",6,7,6,6,7,6,6,6,5
"675",5,3,5,2,2,2,5,5,1
"676",4,7,3,7,9,7,8,3,9
"677",3,7,3,7,8,7,3,3,9
"678",3,6,3,6,7,6,4,4,5
"679",5,6,4,6,6,7,5,4,5
"680",7,6,6,5,5,6,7,7,5
"681",6,5,5,4,5,5,6,6,5
"682",5,6,6,6,9,2,5,5,6
"683",10,10,9,0,9,6,8,9,8
"684",5,4,3,1,3,0,4,4,1
"685",6,8,5,10,10,10,10,6,10
"686",0,8,1,8,10,9,1,0,9
"687",3,6,2,6,7,6,3,3,5
"688",4,6,5,7,6,10,6,5,9
"689",8,5,7,5,5,4,7,7,6
"690",6,5,5,5,5,5,5,6,6
"691",2,9,3,7,9,9,3,3,6
"692",7,7,7,2,8,7,8,7,8
"693",6,4,5,1,7,2,4,4,2
"694",1,9,3,7,9,9,5,4,9
"695",1,9,2,8,9,9,2,2,6
"696",1,5,3,6,8,7,3,3,3
"697",5,6,5,2,6,8,6,5,8
"698",8,5,8,1,6,7,7,8,5
"699",9,6,9,7,6,6,7,8,5
"700",6,9,5,7,10,4,7,4,6
"701",10,10,10,4,10,8,8,9,8
"702",5,3,4,0,3,1,6,6,1
"703",6,8,5,10,10,10,10,7,10
"704",0,10,0,10,10,9,1,1,9
"705",2,6,2,7,9,2,3,2,5
"706",5,5,4,6,6,8,6,6,9
"707",8,5,8,2,4,3,7,8,3
"708",7,4,7,3,5,4,7,7,4
"709",4,8,3,7,8,6,3,4,6
"710",8,9,8,8,8,8,7,6,7
"711",7,1,5,2,3,0,4,5,0
"712",3,10,4,10,10,10,10,3,10
"713",1,7,1,9,7,9,1,1,9
"714",2,7,3,6,7,5,2,2,6
"715",5,6,4,4,6,4,5,4,4
"716",6,5,6,3,3,2,6,5,2
"717",6,5,6,3,4,2,5,6,1
"718",3,8,4,6,10,6,4,5,6
"719",8,7,8,4,9,3,8,7,4
"720",6,0,5,0,4,0,5,5,0
"721",3,7,3,10,10,10,9,4,10
"722",0,8,0,10,10,10,0,0,10
"723",0,7,1,7,9,1,2,2,4
"724",3,3,3,6,7,1,5,5,3
"725",9,3,8,0,5,0,7,7,0
"726",7,2,7,1,6,0,6,7,1
"727",3,7,3,7,9,4,4,4,7
"728",10,9,7,4,9,7,9,8,9
"729",1,1,2,1,2,2,3,3,0
"730",0,10,1,10,10,10,10,1,10
"731",0,2,0,10,7,8,0,1,10
"732",1,2,1,2,4,2,1,2,3
"733",6,6,7,7,4,10,8,7,9
"734",8,7,6,1,1,4,7,5,5
"735",7,3,5,2,2,3,5,6,3
"736",4,3,5,6,7,5,5,5,5
"737",7,2,8,6,6,5,7,8,6
"738",8,2,7,1,2,2,6,7,2
"739",9,9,10,9,10,7,9,9,8
"740",0,3,0,3,4,4,1,1,6
"741",3,7,4,5,7,4,4,4,7
"742",4,3,4,7,6,9,8,6,8
"743",8,6,2,6,4,10,7,7,5
"744",4,6,2,4,4,1,4,4,5
"745",4,9,3,7,8,4,4,4,3
"746",7,10,8,6,8,7,8,8,6
"747",8,8,8,2,7,3,7,7,1
"748",2,9,2,8,10,4,10,3,8
"749",1,9,1,7,9,3,1,2,5
"750",3,8,2,4,8,2,3,3,2
"751",5,9,4,6,9,8,7,6,7
"752",9,9,9,3,7,4,9,9,1
"753",6,8,6,5,8,5,6,7,3
"754",5,9,8,5,9,5,5,5,5
"755",10,10,8,4,10,6,8,7,7
"756",3,2,6,1,5,1,5,4,3
"757",2,9,10,9,10,10,10,10,10
"758",2,10,10,9,10,10,0,3,10
"759",2,9,8,5,8,6,2,0,5
"760",3,8,7,5,9,9,6,7,6
"761",9,8,7,2,8,8,9,9,8
"762",9,6,7,2,8,7,9,8,7
"763",6,10,6,6,8,5,6,4,8
"764",8,8,7,8,6,4,7,7,8
"765",4,3,0,2,3,1,2,3,2
"766",4,9,5,9,10,10,6,5,8
"767",1,6,2,1,10,7,1,0,8
"768",3,5,3,4,6,3,4,1,5
"769",7,5,5,7,5,5,6,6,7
"770",7,7,5,7,4,2,7,6,6
"771",7,4,5,7,4,2,7,6,5
"772",6,6,6,6,8,4,6,7,4
"773",8,6,7,6,7,4,8,8,5
"774",7,3,6,0,4,1,5,7,0
"775",4,8,4,10,10,10,9,3,10
"776",1,8,2,9,8,7,1,1,8
"777",3,4,3,5,7,3,3,4,4
"778",4,5,4,6,8,7,5,5,7
"779",8,6,7,7,7,4,7,8,6
"780",6,5,5,5,7,5,6,6,5
"781",5,5,3,6,9,4,5,5,5
"782",7,7,8,3,9,7,8,8,5
"783",4,2,4,0,5,0,4,5,0
"784",6,10,4,10,10,10,4,5,9
"785",1,8,2,9,10,9,2,2,5
"786",3,5,3,7,7,5,3,3,5
"787",4,5,5,8,6,8,6,5,9
"788",8,3,9,1,4,1,9,9,0
"789",5,3,5,2,5,2,6,6,1
"790",8,3,8,1,3,1,6,7,3
"791",3,4,3,4,5,5,5,5,5
"792",4,8,8,9,9,9,9,9,9
"793",4,4,7,8,8,8,7,8,7
"794",2,2,2,2,2,1,2,2,2
"795",5,5,4,3,2,2,4,4,4
"796",7,6,7,4,4,4,6,7,5
"797",3,4,3,4,5,4,4,4,6
"798",5,6,5,8,9,8,8,6,9
"799",6,6,6,5,6,6,6,6,7
"800",3,4,3,3,4,4,4,3,5
"801",4,5,5,4,5,4,5,5,4
"802",9,7,9,4,0,1,8,7,1
"803",3,7,2,9,5,6,3,3,6
"804",3,3,7,9,10,10,7,6,10
"805",9,3,9,7,10,8,8,8,9
"806",4,5,3,3,0,1,3,4,1
"807",4,5,6,3,0,1,6,7,1
"808",10,7,7,7,1,3,7,10,0
"809",3,6,3,7,4,4,5,4,4
"810",5,7,3,9,10,10,10,2,10
"811",9,7,7,7,7,9,9,8,9
"812",1,4,1,2,0,0,2,3,0
"813",5,5,6,5,4,2,7,8,3
"814",8,3,6,3,2,2,6,6,3
"815",4,3,4,4,2,3,5,5,3
"816",5,6,5,7,8,8,8,7,9
"817",6,4,5,6,7,7,7,7,7
"818",3,3,3,3,2,2,4,4,2
"819",6,3,5,5,1,2,6,6,2
"820",7,7,5,5,5,3,6,5,4
"821",5,6,3,5,5,3,4,5,4
"822",5,9,3,10,10,10,10,5,10
"823",6,6,3,9,9,10,9,5,9
"824",3,5,1,4,2,2,1,5,1
"825",4,5,2,3,4,2,4,5,2
"826",8,6,8,3,6,4,6,7,5
"827",3,4,4,4,7,6,4,3,7
"828",3,6,3,8,10,10,9,2,9
"829",7,6,8,3,6,6,6,6,6
"830",2,4,2,2,5,2,3,3,4
"831",3,4,3,0,3,1,4,3,2
"832",9,9,6,2,2,2,5,9,0
"833",4,5,3,5,6,5,4,4,1
"834",3,5,2,9,10,9,1,2,9
"835",6,6,5,5,6,4,6,7,0
"836",4,3,2,3,4,2,4,4,0
"837",5,0,4,2,2,1,5,6,0
"838",7,6,6,6,3,3,6,6,6
"839",3,6,3,3,4,5,4,4,3
"840",6,9,3,10,9,10,10,9,10
"841",7,6,6,8,7,8,7,7,9
"842",2,5,2,1,2,0,3,3,1
"843",6,4,6,0,2,0,5,5,1
"844",8,4,7,3,4,2,7,8,3
"845",3,4,3,5,5,5,5,4,5
"846",4,3,4,8,10,10,9,4,10
"847",6,3,7,7,9,8,8,6,8
"848",3,6,4,2,3,1,3,4,2
"849",6,6,6,4,3,2,6,7,3
"850",9,6,8,4,6,5,6,9,6
"851",1,4,1,5,7,8,5,0,7
"852",1,1,0,10,10,10,10,0,10
"853",7,5,5,10,9,9,9,8,9
"854",2,2,2,3,7,1,3,1,2
"855",6,4,8,2,3,0,2,7,2
"856",9,4,9,2,3,3,7,8,2
"857",3,5,4,4,4,5,5,5,4
"858",6,8,8,9,10,10,9,7,9
"859",7,7,8,8,8,9,8,8,8
"860",2,3,2,2,1,2,4,4,1
"861",5,0,4,1,0,1,6,5,2
"862",7,6,3,3,3,4,8,8,2
"863",4,6,7,5,6,5,5,3,5
"864",5,8,8,8,10,9,10,2,10
"865",7,7,5,6,7,8,8,8,8
"866",3,3,7,3,4,1,4,4,1
"867",7,3,4,2,3,2,7,8,2
"868",0,10,0,10,10,10,10,10,10
"869",4,2,5,9,8,8,6,8,6
"870",2,1,2,3,5,3,1,2,3
"871",2,1,2,3,5,2,2,4,1
"872",4,0,5,5,5,3,5,5,0
"873",3,0,5,5,5,1,7,6,0
"874",7,6,6,8,6,3,8,7,4
"875",1,8,8,10,10,10,7,5,10
"876",1,8,10,10,10,10,9,5,10
"877",3,6,3,4,3,5,3,1,5
"878",4,6,3,4,2,4,3,1,5
"879",5,2,3,3,4,2,5,5,2
"880",6,2,3,2,3,1,5,5,0
"881",6,2,3,3,3,1,5,5,1
"882",2,8,7,9,9,8,8,3,8
"883",4,6,7,7,6,7,6,5,6
"884",4,5,7,5,5,5,2,6,4
"885",5,4,7,4,4,4,2,5,4
"886",4,2,7,4,5,5,4,4,5
"887",6,4,5,3,3,3,3,7,2
"888",2,0,1,2,3,0,2,2,0
"889",2,8,7,9,10,10,10,2,9
"890",3,7,8,9,10,10,10,2,9
"891",5,6,7,5,5,7,4,6,7
"892",4,5,9,5,4,6,3,3,5
"893",3,2,7,2,3,4,2,2,2
"894",7,3,5,2,3,4,3,8,2
"895",5,3,2,9,3,8,4,5,5
"896",0,10,9,9,10,10,1,1,10
"897",4,6,6,7,8,9,5,5,6
"898",4,3,2,5,7,6,4,5,6
"899",8,1,1,1,5,2,8,7,2
"900",6,1,1,3,6,4,7,7,4
"901",8,2,1,2,5,3,7,7,3
"902",3,5,3,5,6,3,0,2,4
"903",2,6,2,10,10,10,9,3,9
"904",2,6,3,10,10,10,9,3,9
"905",2,6,2,6,6,4,5,2,6
"906",3,5,3,3,4,3,2,3,4
"907",3,3,3,2,3,3,3,3,4
"908",3,4,3,2,4,2,3,3,4
"909",3,4,4,3,3,2,2,2,4
"910",3,8,6,10,10,10,9,6,10
"911",3,6,7,10,10,10,9,6,10
"912",2,5,9,4,3,2,2,3,1
"913",5,5,8,3,3,1,3,3,0
"914",2,0,8,3,4,2,5,2,4
"915",6,3,7,1,1,0,3,5,1
"916",1,4,2,8,7,3,3,2,4
"917",2,10,3,10,10,9,9,3,10
"918",2,10,3,10,10,10,9,3,10
"919",4,3,3,4,5,2,5,7,4
"920",6,3,3,2,4,1,5,9,2
"921",3,0,3,3,9,1,3,2,5
"922",8,2,3,1,3,1,5,9,1
"923",4,0,3,2,4,1,5,5,2
"924",0,8,4,10,10,8,10,0,9
"925",1,10,4,8,9,8,8,6,6
"926",1,2,3,5,4,3,3,4,4
"927",1,5,4,5,5,1,3,5,3
"928",1,0,5,5,4,4,3,4,5
"929",9,3,8,2,1,0,8,9,2
"930",5,3,2,2,2,0,5,7,1
"931",1,8,4,8,10,8,7,4,9
"932",3,6,2,9,8,7,6,2,8
"933",4,3,3,6,5,2,4,6,4
"934",8,3,7,3,0,0,4,8,0
"935",3,7,2,5,7,5,3,3,4
"936",9,3,6,3,3,1,3,7,2
"937",3,1,3,6,2,0,2,3,1
"938",8,9,8,9,10,9,10,6,8
"939",6,6,4,6,10,5,6,5,6
"940",6,6,3,4,6,3,4,4,4
"941",7,6,4,2,4,2,4,8,2
"942",4,3,3,2,6,2,4,4,2
"943",7,5,5,2,4,2,5,8,3
"944",9,5,9,4,5,2,9,10,3
"945",1,8,1,8,10,7,8,1,8
"946",3,6,2,7,10,6,8,2,7
"947",3,5,2,3,6,2,3,2,3
"948",6,5,3,3,3,1,3,3,2
"949",3,5,2,3,6,1,4,3,3
"950",7,4,6,1,3,0,4,4,2
"951",1,2,1,1,0,0,2,2,2
"952",0,7,1,10,10,10,8,1,10
"953",0,7,1,10,9,10,7,1,10
"954",5,4,5,5,2,3,5,7,0
"955",5,2,5,3,1,1,3,6,0
"956",6,4,7,3,1,1,3,5,0
"957",5,2,3,2,0,0,4,5,0
"958",3,0,2,2,0,0,4,5,0
"959",1,3,6,10,10,10,9,6,8
"960",4,8,2,10,10,10,10,7,10
"961",3,2,1,5,4,3,3,3,4
"962",6,2,1,2,2,0,2,3,1
"963",3,2,5,3,6,2,6,5,6
"964",2,1,1,0,1,0,2,2,1
"965",6,4,1,1,1,0,2,4,1
"966",3,7,5,10,10,10,10,5,10
"967",2,3,2,7,9,8,8,2,8
"968",2,2,2,2,6,2,3,2,1
"969",2,2,2,2,4,3,3,2,1
"970",2,0,2,2,6,1,2,2,0
"971",4,1,3,2,3,1,4,4,1
"972",5,7,4,6,9,8,7,4,8
"973",2,6,2,7,4,3,2,3,3
"974",4,7,4,3,5,4,6,6,5
"975",8,6,5,8,7,5,8,7,6
"976",7,7,6,3,2,0,7,7,1
"977",8,4,6,9,10,10,10,7,10
"978",3,5,0,6,5,6,4,3,7
"979",10,7,8,2,1,5,8,9,6
"980",7,4,6,3,3,5,6,6,5
"981",3,1,4,5,3,1,0,1,3
"982",5,5,4,4,4,4,4,3,6
"983",6,5,6,4,5,4,6,6,7
"984",6,5,8,7,8,5,7,7,8
"985",7,5,8,7,4,1,6,7,3
"986",7,5,8,7,10,9,9,7,10
"987",6,5,7,6,8,9,9,7,10
"988",9,5,9,8,7,1,7,8,5
"989",7,5,8,6,7,6,5,8,7
"990",5,5,4,6,5,5,3,4,8
"991",4,6,4,5,5,4,5,5,6
"992",3,6,5,6,5,5,4,3,5
"993",3,7,3,8,6,6,6,6,7
"994",5,5,6,6,3,2,7,7,2
"995",4,4,4,8,8,6,5,4,7
"996",3,6,7,7,8,7,4,4,8
"997",3,5,7,6,4,4,7,6,4
"998",3,4,5,5,8,5,5,4,6
"999",3,2,1,2,5,3,1,2,9
"1000",4,6,4,6,6,9,4,3,7
"1001",3,6,4,6,9,6,5,4,6
"1002",6,4,6,7,9,7,7,7,8
"1003",4,3,3,4,6,0,4,4,1
"1004",6,5,6,8,10,10,8,6,9
"1005",7,7,7,6,9,7,5,7,8
"1006",7,4,7,5,6,1,6,8,3
"1007",3,2,4,6,9,9,5,1,8
"1008",4,4,3,4,3,3,4,3,4
"1009",2,4,2,3,4,4,4,3,3
"1010",8,8,8,9,10,7,6,7,8
"1011",3,5,4,9,10,10,9,6,10
"1012",2,3,2,2,6,0,4,4,0
"1013",7,5,8,9,10,10,9,8,10
"1014",7,4,7,8,8,9,6,7,10
"1015",8,6,7,7,6,3,7,8,6
"1016",3,2,1,3,2,0,3,3,0
"1017",1,8,2,3,7,4,3,2,7
"1018",1,8,2,7,8,9,2,4,9
"1019",7,7,7,3,8,6,6,7,4
"1020",7,7,7,3,8,6,7,7,6
"1021",7,7,7,3,8,2,8,8,3
"1022",7,7,7,3,8,7,8,8,8
"1023",7,5,7,3,8,7,7,8,7
"1024",7,7,7,3,8,7,7,8,6
"1025",7,7,6,3,8,7,7,8,6
"1026",1,9,2,8,3,9,1,2,9
"1027",3,5,4,5,6,6,5,4,9
"1028",6,5,4,5,7,6,7,4,5
"1029",6,5,6,5,6,7,6,7,6
"1030",6,5,6,5,6,8,6,5,9
"1031",5,5,5,10,10,10,7,5,8
"1032",5,2,5,7,6,7,8,6,7
"1033",8,5,8,5,5,4,6,8,5
"1034",8,4,6,5,4,3,10,9,5
"1035",7,4,5,5,0,1,8,9,2
"1036",6,8,6,6,5,5,5,7,8
"1037",6,8,6,8,5,8,6,7,7
"1038",8,6,7,7,6,10,6,6,2
"1039",5,7,6,9,6,5,7,9,4
"1040",7,6,8,9,10,8,10,7,3
"1041",7,8,4,6,9,8,6,7,6
"1042",5,6,7,8,5,8,8,9,8
"1043",5,8,7,7,6,5,7,8,7
"1044",6,3,6,5,6,5,4,6,7
"1045",0,10,3,6,8,9,2,3,7
"1046",10,10,7,10,9,8,9,10,5
"1047",5,10,4,7,9,8,8,4,8
"1048",4,5,3,1,0,0,5,5,1
"1049",5,7,6,9,10,10,9,4,8
"1050",5,10,6,7,8,7,6,5,7
"1051",5,8,6,4,3,4,7,6,4
"1052",5,7,6,6,7,5,6,7,6
"1053",5,7,4,5,6,5,1,2,7
"1054",2,5,3,7,7,7,3,7,6
"1055",5,3,5,7,7,6,5,3,5
"1056",3,8,7,10,8,8,8,8,9
"1057",5,8,4,1,4,2,4,4,2
"1058",3,7,8,6,10,10,8,8,8
"1059",6,8,7,4,7,7,5,5,7
"1060",7,7,6,3,5,3,6,5,3
"1061",6,5,8,8,8,6,5,5,6
"1062",2,3,3,1,9,1,3,6,3
"1063",6,6,3,6,5,7,4,4,6
"1064",4,3,2,5,3,3,4,4,4
"1065",8,4,3,8,8,9,8,6,7
"1066",6,1,2,2,2,1,5,4,2
"1067",7,4,4,9,10,9,9,6,8
"1068",7,4,4,7,6,8,6,5,8
"1069",5,8,5,5,3,3,6,6,5
"1070",3,1,2,0,3,1,1,2,0
"1071",9,8,2,5,8,5,3,2,7
"1072",2,8,3,7,5,9,3,2,8
"1073",4,7,5,7,8,7,4,2,7
"1074",4,6,6,6,7,7,6,4,7
"1075",8,4,5,2,2,1,7,7,2
"1076",5,6,7,7,10,9,8,2,8
"1077",6,7,6,7,4,8,6,2,6
"1078",7,5,6,3,3,2,7,6,3
"1079",7,5,5,4,4,4,7,7,5
"1080",2,7,3,7,8,8,2,3,6
"1081",3,9,6,7,6,6,7,2,8
"1082",8,9,9,8,8,8,9,7,9
"1083",1,6,1,2,3,1,1,1,1
"1084",10,10,10,0,2,0,9,9,0
"1085",4,7,4,8,9,10,8,2,10
"1086",7,8,7,9,10,10,10,7,9
"1087",3,10,4,9,10,9,2,2,8
"1088",5,6,5,6,3,3,4,4,6
"1089",5,1,2,2,9,2,2,2,2
"1090",2,1,1,0,2,0,1,2,0
"1091",3,7,4,8,8,8,6,3,10
"1092",6,7,4,6,7,6,7,7,8
"1093",2,3,2,1,4,1,2,2,2
"1094",8,3,8,0,3,0,7,8,0
"1095",3,7,2,9,9,8,4,4,9
"1096",4,8,3,9,8,9,5,5,9
"1097",3,8,4,8,8,8,5,5,8
"1098",4,6,5,8,8,9,5,5,8
"1099",3,1,5,2,8,2,4,5,3
"1100",3,3,4,1,3,0,4,6,0
"1101",2,7,2,7,8,9,3,4,9
"1102",7,8,5,4,4,5,7,8,5
"1103",1,9,1,1,2,2,2,1,1
"1104",10,8,10,1,1,1,6,10,2
"1105",3,8,3,10,10,10,9,1,10
"1106",7,7,7,8,8,10,8,6,9
"1107",5,5,2,4,4,5,5,7,5
"1108",6,8,5,10,10,10,10,4,10
"1109",6,6,8,1,3,1,3,6,1
"1110",4,5,5,4,3,5,5,2,5
"1111",4,5,5,7,7,9,3,6,8
"1112",6,6,5,5,5,5,7,5,6
"1113",5,6,4,5,4,4,3,5,4
"1114",8,5,6,0,4,1,8,8,1
"1115",4,5,3,8,7,9,9,4,10
"1116",5,6,5,9,7,9,8,5,9
"1117",5,6,5,5,2,8,5,5,6
"1118",10,10,8,7,10,6,9,9,7
"1119",5,8,6,8,9,7,8,7,9
"1120",3,4,2,5,5,3,8,8,7
"1121",4,4,7,5,5,8,7,3,9
"1122",7,6,5,7,5,8,8,8,9
"1123",2,6,8,1,5,1,2,3,2
"1124",9,6,3,1,5,1,5,8,1
"1125",4,6,8,7,5,9,7,3,10
"1126",3,6,8,7,9,9,7,3,10
"1127",6,6,6,5,5,3,4,5,5
"1128",3,6,8,7,10,5,9,3,10
"1129",2,1,1,1,1,0,1,1,1
"1130",9,9,9,9,8,8,10,9,9
"1131",2,5,5,7,6,8,4,4,7
"1132",7,5,6,5,5,5,6,6,6
"1133",2,3,2,3,5,2,3,2,3
"1134",8,7,8,4,3,4,7,8,4
"1135",3,5,3,7,8,10,4,3,9
"1136",5,7,3,7,7,7,4,5,7
"1137",7,5,6,6,5,5,5,6,5
"1138",4,7,3,8,9,10,6,4,8
"1139",5,2,5,2,3,5,6,5,5
"1140",6,5,5,5,6,3,6,6,4
"1141",3,7,7,10,10,10,4,5,10
"1142",4,6,6,7,6,4,7,7,4
"1143",2,3,1,5,7,2,2,3,3
"1144",8,7,3,4,3,1,8,8,2
"1145",0,5,0,10,10,10,0,1,10
"1146",1,5,1,10,9,9,3,1,9
"1147",7,7,6,4,5,7,5,6,6
"1148",0,5,0,10,10,10,0,1,10
"1149",5,4,6,6,5,5,6,7,4
"1150",1,3,1,7,5,3,8,1,3
"1151",3,5,3,7,8,7,3,3,8
"1152",4,5,3,5,7,5,6,4,6
"1153",2,4,3,3,4,3,2,2,3
"1154",7,6,6,3,4,3,7,7,2
"1155",2,6,3,8,8,8,4,3,9
"1156",3,6,3,8,7,8,5,4,7
"1157",5,6,5,5,5,5,6,5,5
"1158",1,6,2,8,9,9,2,2,9
"1159",3,3,4,6,4,4,3,3,2
"1160",3,5,4,4,4,4,3,3,3
"1161",1,6,7,8,5,9,7,2,8
"1162",5,5,5,5,5,8,8,6,7
"1163",2,5,7,5,5,3,2,2,4
"1164",8,5,3,2,3,2,2,8,3
"1165",3,5,7,7,7,9,9,2,10
"1166",3,5,4,8,7,8,9,3,10
"1167",3,5,5,9,9,8,7,3,10
"1168",3,5,2,7,5,8,4,3,6
"1169",9,8,10,10,10,8,8,8,9
"1170",5,6,6,3,3,3,7,6,3
"1171",5,5,6,8,4,8,6,8,8
"1172",7,5,7,7,3,9,7,9,7
"1173",4,5,3,6,4,3,4,7,4
"1174",8,5,9,7,2,3,8,9,3
"1175",4,5,3,5,3,8,4,5,8
"1176",5,7,5,8,8,10,5,5,8
"1177",6,8,6,6,4,5,5,6,4
"1178",5,8,5,5,5,5,5,7,5
"1179",4,7,4,4,9,6,8,5,5
"1180",8,6,8,8,9,7,8,8,9
"1181",3,5,4,7,8,8,6,4,8
"1182",5,5,5,4,6,5,7,7,6
"1183",2,4,2,2,3,3,3,3,3
"1184",8,6,7,3,3,3,8,8,3
"1185",4,6,3,9,7,8,9,3,9
"1186",3,7,3,8,7,9,9,3,8
"1187",5,6,4,6,7,6,5,4,4
"1188",4,6,4,8,7,8,7,4,8
"1189",3,3,4,2,3,4,3,4,4
"1190",3,4,3,2,3,3,5,3,3
"1191",0,9,0,10,9,10,9,3,10
"1192",3,8,2,5,5,8,5,8,4
"1193",1,8,0,5,4,4,2,2,4
"1194",1,9,0,6,7,8,4,3,6
"1195",4,8,3,6,7,9,6,7,6
"1196",2,3,2,3,3,6,3,7,3
"1197",2,2,1,1,2,1,2,8,2
"1198",10,7,9,9,10,10,10,8,10
"1199",9,7,9,4,9,8,8,9,8
"1200",3,8,5,8,8,7,7,5,7
"1201",6,6,7,3,4,3,5,6,4
"1202",5,5,4,3,2,2,4,4,3
"1203",4,6,5,6,7,6,6,3,6
"1204",6,6,6,7,7,5,6,6,5
"1205",10,5,9,3,4,3,5,8,3
"1206",5,2,5,2,2,0,2,4,1
"1207",0,1,0,1,1,0,1,0,1
"1208",10,8,8,9,9,9,10,10,6
"1209",3,8,3,8,8,8,7,5,8
"1210",6,4,6,4,5,4,5,6,6
"1211",3,4,3,3,3,2,3,4,4
"1212",4,7,4,5,6,7,6,4,7
"1213",6,8,6,6,7,7,7,7,8
"1214",7,5,7,3,4,2,5,7,3
"1215",2,2,2,2,2,1,2,3,2
"1216",2,2,2,2,2,2,2,2,2
"1217",5,9,8,8,9,9,8,8,9
"1218",1,8,1,9,9,9,8,3,9
"1219",6,6,7,3,2,2,7,8,5
"1220",5,4,6,2,2,2,4,6,4
"1221",4,5,4,4,5,7,5,5,6
"1222",8,7,5,8,9,9,6,5,8
"1223",7,5,8,3,2,2,7,8,3
"1224",4,2,4,1,1,0,3,4,1
"1225",3,2,4,1,1,1,2,4,2
"1226",10,8,9,7,9,10,10,9,10
"1227",2,8,2,9,7,8,8,3,9
"1228",5,4,4,5,5,3,6,5,6
"1229",2,4,2,5,5,2,3,3,4
"1230",3,6,3,7,6,7,7,3,9
"1231",7,7,6,6,7,4,7,8,5
"1232",1,2,3,2,4,2,2,2,3
"1233",1,2,3,2,2,1,2,2,3
"1234",1,2,2,2,3,1,2,2,2
"1235",9,10,9,9,10,10,10,9,9
"1236",1,7,4,8,10,9,8,2,10
"1237",6,5,5,3,6,6,5,5,6
"1238",4,4,3,2,4,3,3,5,3
"1239",3,6,4,5,7,6,6,4,9
"1240",3,7,4,7,9,9,8,7,9
"1241",7,2,6,2,4,2,6,7,2
"1242",4,1,2,0,2,0,2,4,0
"1243",2,0,0,0,1,0,0,0,0
"1244",10,9,10,10,10,10,10,9,10
"1245",1,9,2,9,8,9,7,3,9
"1246",7,3,6,2,3,3,5,5,4
"1247",2,3,4,2,2,2,3,3,4
"1248",6,7,6,7,5,6,6,5,6
"1249",8,9,8,9,9,9,7,7,7
"1250",7,3,7,2,2,3,5,7,3
"1251",4,2,3,1,2,1,4,4,2
"1252",0,1,1,1,2,1,2,3,2
"1253",9,9,9,9,9,9,9,9,9
"1254",2,8,2,8,10,2,8,2,9
"1255",6,6,7,5,5,8,7,8,3
"1256",2,5,2,3,3,3,2,3,7
"1257",2,6,1,3,6,6,1,2,8
"1258",7,3,5,4,1,3,6,6,6
"1259",6,9,4,8,10,7,7,4,9
"1260",2,8,2,8,10,8,6,3,10
"1261",0,2,0,0,1,0,0,0,1
"1262",7,3,6,2,2,1,7,6,1
"1263",0,9,0,9,10,10,9,2,9
"1264",6,4,4,3,5,5,6,7,5
"1265",2,4,3,5,5,3,4,6,4
"1266",2,6,2,6,6,6,5,5,6
"1267",5,6,4,7,7,6,9,5,5
"1268",9,5,6,3,5,3,6,8,2
"1269",2,3,4,1,4,0,3,5,0
"1270",0,3,1,1,3,1,1,2,0
"1271",9,9,7,10,10,10,10,10,10
"1272",3,9,3,9,10,10,7,3,10
"1273",6,4,5,4,5,3,5,6,3
"1274",4,4,3,4,4,2,3,2,2
"1275",6,6,5,6,7,7,6,8,7
"1276",5,9,7,9,10,10,10,7,10
"1277",6,3,5,3,4,2,4,6,3
"1278",4,2,3,1,3,0,1,2,0
"1279",4,3,3,1,3,0,2,2,1
"1280",8,9,9,9,10,10,10,8,10
"1281",2,9,2,9,9,9,6,2,9
"1282",5,7,8,7,5,7,7,8,8
"1283",3,6,3,6,6,8,4,3,8
"1284",5,7,4,5,8,9,5,4,9
"1285",5,7,4,8,9,7,7,7,9
"1286",7,7,9,4,4,3,8,9,4
"1287",4,3,4,2,2,0,1,5,1
"1288",0,3,4,2,2,2,0,0,3
"1289",9,7,6,10,10,9,9,10,10
"1290",0,10,3,9,10,10,9,4,10
"1291",4,8,9,5,8,4,5,7,5
"1292",2,5,2,1,6,1,3,3,3
"1293",5,7,8,9,5,10,5,5,10
"1294",4,9,8,9,7,10,8,5,9
"1295",10,10,10,1,3,0,6,10,0
"1296",3,1,2,0,2,0,2,7,0
"1297",0,0,0,0,0,0,1,0,0
"1298",6,5,3,10,10,10,10,5,10
"1299",1,10,1,10,10,10,9,1,10
"1300",7,4,7,1,5,4,5,8,5
"1301",5,4,7,1,5,1,4,8,1
"1302",4,4,3,4,7,6,6,5,7
"1303",5,6,3,9,8,6,5,5,5
"1304",9,5,9,1,4,4,7,10,1
"1305",1,0,0,0,3,0,1,1,0
"1306",1,0,0,0,3,0,1,0,0
"1307",10,10,10,10,10,10,10,10,10
"1308",1,9,1,10,10,10,3,2,10
"1309",4,5,4,7,4,3,5,5,4
"1310",3,4,3,6,3,2,4,3,3
"1311",3,7,2,6,6,6,6,3,6
"1312",4,6,2,8,7,6,7,3,6
"1313",5,4,4,5,2,2,5,6,2
"1314",2,2,3,4,1,0,2,2,1
"1315",1,2,1,4,2,1,1,1,1
"1316",3,9,5,10,10,10,9,9,10
"1317",3,9,3,10,9,8,8,4,9
"1318",5,5,4,3,3,1,5,5,5
"1319",3,5,3,3,3,1,4,4,4
"1320",3,5,3,6,5,5,6,4,7
"1321",3,6,3,6,5,5,6,6,7
"1322",6,5,6,3,3,1,5,6,4
"1323",3,4,3,3,3,1,3,3,2
"1324",3,4,3,3,3,1,3,3,2
"1325",7,9,4,10,10,10,10,7,10
"1326",2,8,2,9,8,7,6,4,9
"1327",5,5,6,3,3,4,5,6,4
"1328",2,4,3,3,3,3,3,3,3
"1329",2,5,2,6,6,8,5,5,9
"1330",8,8,9,9,9,9,8,9,9
"1331",6,5,7,2,2,2,4,7,2
"1332",4,1,5,1,1,0,2,3,0
"1333",0,0,0,5,0,0,0,0,0
"1334",10,10,10,0,10,10,9,10,10
"1335",1,9,1,10,9,9,8,2,9
"1336",8,3,6,4,5,6,5,8,4
"1337",4,2,4,2,3,0,3,4,1
"1338",5,5,5,6,6,7,6,5,8
"1339",9,7,8,9,8,8,7,9,8
"1340",9,4,8,4,4,5,4,9,2
"1341",5,3,4,1,3,0,2,4,0
"1342",1,1,1,2,2,0,2,2,2
"1343",10,8,10,9,10,10,9,10,10
"1344",3,7,3,10,10,10,8,4,8
"1345",5,6,5,0,7,5,5,5,4
"1346",4,5,4,0,1,4,4,4,3
"1347",3,4,3,4,7,6,5,5,6
"1348",8,10,8,10,10,10,9,8,10
"1349",7,6,7,0,5,5,6,6,4
"1350",2,1,1,0,4,0,1,2,1
"1351",3,3,2,0,0,2,2,2,2
"1352",10,10,10,10,10,10,10,10,10
"1353",0,10,0,10,10,10,7,2,10
"1354",6,6,7,1,5,1,5,7,4
"1355",6,6,3,1,5,2,4,2,3
"1356",4,10,3,4,5,4,6,5,7
"1357",4,8,4,8,7,7,8,7,7
"1358",7,8,7,0,3,0,5,8,1
"1359",0,0,0,1,1,0,0,0,0
"1360",2,2,1,1,3,1,1,1,1
"1361",9,10,10,8,10,10,10,10,10
"1362",1,9,1,9,7,9,8,2,9
"1363",7,3,7,3,3,4,5,7,6
"1364",3,4,4,2,3,2,3,5,4
"1365",3,6,3,4,4,5,5,4,5
"1366",3,6,7,4,5,5,7,9,9
"1367",7,3,7,3,2,4,5,9,5
"1368",0,0,1,0,0,0,1,2,0
"1369",0,0,0,0,0,0,0,0,1
"1370",10,10,10,10,10,10,10,10,10
"1371",2,6,0,7,10,10,8,4,9
"1372",7,6,7,2,6,3,5,8,3
"1373",5,5,4,4,4,2,4,5,3
"1374",5,8,3,4,7,4,4,4,6
"1375",8,5,2,7,4,6,5,2,6
"1376",8,8,6,7,10,9,7,5,8
"1377",5,3,6,7,8,7,7,8,9
"1378",5,8,6,6,7,5,6,3,8
"1379",7,6,7,7,6,4,9,6,6
"1380",4,2,3,8,8,6,4,4,10
"1381",9,2,6,8,5,6,8,7,7
"1382",6,6,6,5,2,2,5,5,3
"1383",6,1,6,5,8,5,6,5,7
"1384",6,2,6,8,7,6,6,5,7
"1385",9,1,7,8,9,8,8,7,8
"1386",4,2,3,8,5,5,4,4,7
"1387",0,5,2,7,3,9,4,4,10
"1388",9,6,8,4,7,3,8,8,4
"1389",10,7,10,3,9,1,9,9,1
"1390",4,6,7,6,3,7,6,7,9
"1391",8,7,8,5,6,5,8,8,5
"1392",7,6,7,6,8,8,7,9,8
"1393",3,5,4,5,4,9,5,5,9
"1394",2,9,3,5,5,8,4,3,10
"1395",9,9,5,4,5,5,6,7,10
"1396",5,5,5,2,5,5,5,5,5
"1397",5,9,5,6,5,7,6,5,10
"1398",10,9,5,5,5,7,6,6,10
"1399",9,9,5,6,5,7,6,6,10
"1400",3,9,3,4,5,8,4,6,10
"1401",5,6,4,6,5,5,4,4,7
"1402",9,6,8,7,2,5,8,8,7
"1403",8,3,7,5,2,1,6,7,1
"1404",5,4,5,5,6,5,5,5,5
"1405",6,6,6,6,6,5,6,6,7
"1406",8,6,7,7,2,5,8,8,7
"1407",5,6,4,5,3,5,4,4,5
"1408",2,6,2,6,5,7,3,2,8
"1409",6,5,6,2,3,6,8,8,4
"1410",7,4,6,1,3,3,6,6,3
"1411",5,4,5,2,4,6,5,5,6
"1412",6,6,7,3,5,5,7,6,4
"1413",6,4,6,5,4,4,6,7,5
"1414",4,5,5,4,5,5,4,4,4
"1415",4,8,2,6,6,8,4,3,8
"1416",7,8,6,6,5,8,6,6,6
"1417",7,5,6,7,4,3,7,7,4
"1418",5,7,4,5,4,6,6,5,4
"1419",6,8,6,6,6,8,5,4,7
"1420",7,8,6,6,6,8,5,5,8
"1421",5,8,5,5,6,4,4,4,5
"1422",1,7,1,2,3,5,3,2,6
"1423",10,6,10,9,4,1,9,9,4
"1424",10,5,10,10,4,0,10,10,1
"1425",6,5,7,8,3,4,7,8,6
"1426",6,5,5,4,3,5,5,5,4
"1427",7,6,7,8,5,5,7,8,6
"1428",6,5,6,6,4,5,5,5,4
"1429",1,7,4,2,8,9,4,3,10
"1430",8,7,7,6,5,5,8,8,5
"1431",7,4,6,8,2,2,8,7,2
"1432",5,5,7,5,5,5,5,5,5
"1433",7,7,8,7,5,4,9,7,5
"1434",6,7,6,8,5,4,7,6,5
"1435",6,7,6,6,3,5,6,7,7
"1436",4,5,2,5,5,8,3,3,8
"1437",6,6,6,3,3,5,6,5,4
"1438",4,7,2,2,1,1,4,4,1
"1439",7,3,7,8,6,7,7,7,3
"1440",6,5,7,5,4,5,7,8,6
"1441",6,5,7,5,4,5,6,8,5
"1442",3,8,2,5,6,3,3,3,7
"1443",0,4,2,6,7,9,2,2,8
"1444",5,5,6,3,4,4,5,6,3
"1445",7,6,8,3,2,0,6,7,0
"1446",7,5,7,2,3,0,6,6,2
"1447",3,4,4,6,6,8,4,4,7
"1448",5,5,6,7,7,8,5,6,6
"1449",0,4,2,6,7,9,2,2,8
"1450",3,4,2,8,6,7,3,3,6
"1451",7,3,7,5,5,6,7,8,5
"1452",6,1,5,2,3,2,5,5,1
"1453",5,5,6,8,9,9,6,6,6
"1454",5,4,4,7,4,6,5,5,5
"1455",9,5,8,9,9,9,8,8,7
"1456",4,4,3,6,6,6,4,4,6
"1457",3,7,4,7,7,8,4,3,8
"1458",6,7,7,7,8,7,7,7,8
"1459",4,3,3,4,7,2,6,5,5
"1460",6,7,5,7,8,9,8,7,7
"1461",7,8,7,7,8,4,6,8,7
"1462",7,3,3,7,8,9,8,7,8
"1463",3,5,4,7,8,5,4,4,6
"1464",6,7,4,6,8,8,5,4,8
"1465",8,7,8,7,7,7,8,7,7
"1466",8,4,7,5,6,2,7,7,4
"1467",7,5,6,3,7,6,6,6,7
"1468",7,5,7,3,7,5,6,6,6
"1469",9,8,9,10,9,10,9,8,8
"1470",7,6,6,6,6,5,5,5,7
"1471",3,6,3,7,7,8,4,3,9
"1472",5,6,5,6,6,7,5,5,7
"1473",6,4,4,3,3,4,6,4,6
"1474",3,6,4,3,5,8,5,5,9
"1475",7,5,6,2,6,8,6,6,9
"1476",3,2,4,8,9,8,6,4,8
"1477",8,7,8,7,5,8,9,9,8
"1478",4,6,3,3,4,6,4,4,7
"1479",7,7,7,3,6,6,7,8,6
"1480",7,3,5,2,4,2,7,7,2
"1481",4,4,4,2,6,4,4,4,6
"1482",5,6,5,4,6,5,6,8,6
"1483",9,10,9,7,9,8,9,10,10
"1484",6,6,5,5,4,5,6,6,6
"1485",7,6,5,5,8,8,8,7,9
"1486",9,7,7,7,7,8,9,9,9
"1487",9,2,6,4,5,4,9,9,3
"1488",5,4,5,5,5,4,7,5,5
"1489",2,5,2,2,4,2,4,3,5
"1490",3,6,3,7,5,4,3,4,4
"1491",6,3,5,4,6,6,6,5,2
"1492",0,8,4,10,10,10,5,3,10
"1493",10,10,9,0,9,7,8,9,9
"1494",6,6,4,2,4,7,7,8,9
"1495",0,7,9,5,10,10,9,5,10
"1496",0,10,10,10,10,10,10,10,10
"1497",6,5,7,9,10,10,7,8,10
"1498",5,5,3,5,2,2,4,4,2
"1499",7,6,6,6,8,2,5,7,1
"1500",5,5,4,5,5,8,6,5,9
"1501",6,6,4,1,1,0,5,5,0
"1502",0,0,0,2,0,0,2,2,0
"1503",1,0,2,2,1,0,4,4,1
"1504",2,1,3,2,1,0,5,6,3
"1505",4,6,4,4,7,5,4,4,5
"1506",9,8,8,4,7,6,7,8,6
"1507",6,8,5,7,9,7,7,8,8
"1508",7,8,8,9,10,8,9,7,8
"1509",8,8,7,10,10,10,10,4,9
"1510",6,8,7,8,8,8,6,6,8
"1511",7,6,8,6,6,7,6,7,6
"1512",8,7,7,5,4,6,6,9,3
"1513",7,6,5,5,5,8,8,8,8
"1514",6,6,5,4,6,7,6,7,7
"1515",4,2,4,2,3,1,4,6,1
"1516",8,7,7,5,3,6,6,8,3
"1517",6,5,5,6,3,6,5,8,5
"1518",1,7,2,8,9,9,2,2,9
"1519",9,6,8,4,7,2,6,9,2
"1520",0,7,2,8,8,7,7,4,9
"1521",1,7,1,9,10,9,9,1,10
"1522",0,6,1,10,10,10,10,0,10
"1523",3,10,4,9,9,9,8,4,9
"1524",5,5,5,5,5,4,4,5,4
"1525",9,9,8,7,9,4,8,9,5
"1526",5,7,5,5,7,9,6,6,8
"1527",5,6,6,5,7,7,6,5,7
"1528",4,1,4,2,5,1,6,3,1
"1529",6,3,6,3,5,2,5,7,2
"1530",7,5,7,5,6,5,7,7,7
"1531",1,8,2,8,10,9,7,3,9
"1532",9,9,8,5,10,3,6,7,2
"1533",7,7,5,6,10,8,7,6,7
"1534",1,9,4,8,10,9,8,6,9
"1535",0,7,2,10,10,10,10,10,10
"1536",2,7,3,7,10,8,8,9,9
"1537",5,3,5,5,5,3,5,5,5
"1538",10,7,8,2,4,2,7,9,5
"1539",4,5,6,4,5,9,6,6,7
"1540",4,5,6,4,7,9,6,6,8
"1541",5,1,5,3,3,1,4,5,5
"1542",5,1,5,3,3,1,5,5,5
"1543",5,3,5,3,5,4,6,5,5
"1544",2,7,3,7,9,6,5,3,7
"1545",7,5,7,4,6,4,6,7,4
"1546",5,4,6,6,8,7,7,7,6
"1547",4,7,5,9,10,9,8,4,9
"1548",3,7,5,10,10,10,10,3,10
"1549",3,7,4,8,9,8,8,4,8
"1550",6,5,6,6,4,7,7,6,6
"1551",3,2,3,2,3,0,0,2,2
"1552",7,6,7,8,9,10,9,6,9
"1553",6,6,6,6,5,8,7,6,7
"1554",4,4,5,3,3,2,4,5,3
"1555",5,4,5,4,6,5,6,5,4
"1556",5,5,6,6,8,7,7,6,6
"1557",0,9,1,9,10,10,4,3,9
"1558",10,7,10,4,10,3,8,8,3
"1559",6,6,7,9,7,8,6,5,8
"1560",1,8,1,5,10,10,7,4,10
"1561",0,10,1,10,10,10,10,3,10
"1562",3,10,3,9,10,10,9,5,9
"1563",5,8,4,5,5,7,5,4,5
"1564",4,5,7,3,4,3,3,5,1
"1565",7,7,4,8,5,7,7,4,9
"1566",3,7,3,5,6,7,8,3,9
"1567",2,0,4,5,4,0,4,5,1
"1568",6,1,6,5,4,1,6,8,4
"1569",5,6,5,5,5,6,5,7,5
"1570",3,8,3,5,7,7,4,4,6
"1571",9,8,9,5,7,5,7,8,5
"1572",4,5,4,6,5,5,5,5,5
"1573",4,8,4,8,10,9,8,5,8
"1574",4,8,4,10,10,10,9,5,10
"1575",4,7,4,6,7,6,5,4,5
"1576",4,1,6,3,5,6,5,6,6
"1577",7,8,7,7,9,7,7,7,7
"1578",6,7,6,6,7,9,7,6,7
"1579",4,8,4,4,5,6,6,6,6
"1580",4,4,5,4,5,2,6,5,3
"1581",5,5,6,7,5,3,6,6,4
"1582",4,3,5,5,5,3,6,6,4
"1583",3,7,3,7,8,7,4,4,6
"1584",9,7,7,2,8,4,8,9,0
"1585",6,6,6,5,7,6,7,6,6
"1586",4,7,5,7,7,9,7,5,7
"1587",3,7,4,10,10,10,10,4,10
"1588",6,7,4,8,8,9,7,6,8
"1589",5,6,5,5,6,6,5,6,5
"1590",0,0,0,0,0,0,1,1,1
"1591",6,6,6,6,7,7,6,7,7
"1592",5,6,4,6,6,7,6,5,6
"1593",3,1,3,3,4,0,2,4,0
"1594",4,1,5,4,5,1,5,6,3
"1595",6,5,5,6,5,5,6,6,6
"1596",1,6,3,9,9,8,3,3,9
"1597",8,6,6,0,3,0,7,7,0
"1598",5,3,5,5,3,5,6,6,3
"1599",3,7,4,9,10,9,8,5,9
"1600",2,8,3,10,10,10,10,7,10
"1601",3,6,4,7,9,8,6,6,8
"1602",6,3,6,5,3,5,6,6,3
"1603",8,7,8,6,3,1,4,7,5
"1604",5,5,4,6,5,7,7,6,7
"1605",4,5,4,6,5,7,7,6,7
"1606",6,4,5,2,3,2,5,6,1
"1607",6,4,5,2,3,3,6,6,3
"1608",7,5,6,2,3,4,7,7,1
"1609",0,10,0,9,9,9,5,5,9
"1610",10,7,9,2,9,4,8,8,5
"1611",2,5,1,9,10,10,9,5,10
"1612",2,10,2,9,10,10,8,5,10
"1613",1,10,0,10,10,10,10,4,10
"1614",1,9,0,10,10,9,7,4,10
"1615",8,3,7,4,5,5,5,7,5
"1616",2,4,1,7,3,2,3,3,6
"1617",9,5,6,6,8,6,5,7,8
"1618",4,8,4,8,10,8,10,5,8
"1619",5,1,7,1,3,1,3,6,2
"1620",6,2,8,1,4,2,5,5,3
"1621",5,3,5,4,4,6,5,5,6
"1622",1,6,1,7,9,10,6,2,7
"1623",8,6,9,7,8,4,8,8,5
"1624",4,5,5,7,5,9,7,6,6
"1625",3,7,4,7,6,10,5,5,6
"1626",2,8,3,9,10,10,10,4,9
"1627",1,8,3,9,10,10,9,3,9
"1628",2,4,5,1,4,5,5,4,5
"1629",3,8,4,7,10,9,7,4,9
"1630",6,3,5,6,7,8,7,6,8
"1631",4,6,4,8,7,7,6,7,9
"1632",3,2,3,2,4,1,3,6,2
"1633",4,3,3,2,4,3,5,4,4
"1634",5,5,3,3,5,6,7,6,5
"1635",0,6,0,6,10,9,5,5,7
"1636",10,7,10,0,9,1,8,8,2
"1637",6,6,5,4,8,8,5,5,7
"1638",0,6,0,7,10,10,7,5,10
"1639",0,6,0,10,10,10,10,4,10
"1640",0,7,0,9,10,10,4,3,8
"1641",7,5,7,0,4,5,5,6,5
"1642",6,7,7,5,8,5,8,8,6
"1643",7,10,7,3,8,8,7,6,9
"1644",7,8,8,8,6,2,5,5,6
"1645",3,1,3,0,2,0,4,5,0
"1646",8,2,8,0,4,5,6,7,4
"1647",7,1,7,0,4,5,6,7,5
"1648",0,10,2,10,10,10,3,3,9
"1649",10,8,8,1,6,0,5,9,0
"1650",8,4,5,6,4,5,6,7,7
"1651",0,8,1,10,10,10,7,3,10
"1652",0,8,0,10,10,10,10,0,10
"1653",1,6,1,9,10,9,8,2,10
"1654",5,5,5,5,4,4,5,7,2
"1655",4,9,5,6,9,3,5,5,0
"1656",6,6,4,5,3,6,6,5,8
"1657",4,5,3,6,6,6,4,4,8
"1658",5,2,4,0,1,0,2,5,0
"1659",6,3,6,1,2,0,5,7,2
"1660",7,4,7,1,2,0,5,8,5
"1661",0,10,2,9,10,2,6,3,9
"1662",9,7,10,3,9,1,8,9,1
"1663",4,5,6,9,9,5,5,4,7
"1664",6,9,5,9,10,10,8,5,9
"1665",4,8,1,9,10,10,10,2,10
"1666",3,9,2,7,10,1,7,6,8
"1667",5,5,5,5,5,8,5,7,5
"1668",7,1,6,2,2,3,6,7,3
"1669",5,5,5,7,6,8,6,7,7
"1670",3,4,4,5,9,3,5,4,5
"1671",3,1,4,1,1,0,5,6,0
"1672",6,1,6,2,1,1,6,7,1
"1673",7,4,6,4,1,4,7,8,2
"1674",0,5,1,10,10,10,2,2,8
"1675",8,8,10,7,9,10,6,8,4
"1676",6,7,5,8,9,9,5,5,7
"1677",0,7,1,10,10,10,3,2,10
"1678",0,7,0,10,10,10,1,0,10
"1679",4,8,3,7,8,10,5,2,8
"1680",5,6,3,6,7,8,6,5,7
"1681",8,4,6,4,2,1,4,8,4
"1682",5,6,2,7,6,10,6,7,10
"1683",4,5,2,7,6,9,4,7,9
"1684",5,3,5,4,0,4,5,5,3
"1685",5,3,5,4,0,4,5,5,3
"1686",6,5,3,3,5,5,6,6,8
"1687",2,8,3,7,9,8,3,7,7
"1688",8,7,8,5,9,6,7,8,3
"1689",4,6,5,7,8,7,7,7,7
"1690",2,8,7,8,9,9,8,4,8
"1691",0,7,0,10,10,10,9,3,9
"1692",1,9,2,9,9,9,8,4,8
"1693",4,4,5,6,8,3,5,7,6
"1694",6,5,3,4,7,3,5,8,5
"1695",5,6,4,7,8,8,7,7,8
"1696",5,6,4,7,8,7,7,7,7
"1697",8,3,8,1,4,0,2,6,2
"1698",9,4,8,1,4,1,4,8,2
"1699",7,5,6,3,7,4,6,8,7
"1700",10,10,7,10,10,10,10,10,10
"1701",6,4,4,3,5,3,5,5,5
"1702",0,0,0,0,2,0,3,3,3
"1703",7,5,6,5,6,5,6,5,5
"1704",0,0,0,0,0,0,0,0,0
"1705",10,10,7,10,7,8,6,6,10
"1706",5,6,5,3,5,3,5,5,5
"1707",3,5,3,5,4,6,4,4,7
"1708",10,10,10,10,10,10,10,10,10
"1709",7,9,9,9,10,10,10,9,10
"1710",5,4,5,4,7,5,3,4,6
"1711",4,3,2,1,4,1,2,3,4
"1712",5,4,5,3,6,5,5,5,5
"1713",1,2,0,0,2,0,0,1,2
"1714",7,7,8,7,8,9,8,6,6
"1715",4,5,5,3,5,5,4,5,4
"1716",5,5,4,4,5,5,3,2,5
"1717",8,7,7,10,10,9,9,8,7
"1718",8,9,7,9,10,10,8,8,9
"1719",4,6,4,7,5,8,6,3,10
"1720",2,1,2,3,2,1,0,2,1
"1721",6,3,4,5,5,1,6,7,2
"1722",1,0,0,1,0,0,0,0,0
"1723",8,9,8,8,9,9,9,8,9
"1724",5,3,2,3,2,1,4,4,2
"1725",2,5,2,6,5,7,3,1,5
"1726",5,9,8,9,10,10,9,7,9
"1727",7,7,6,7,8,6,7,6,5
"1728",4,5,5,5,5,5,4,4,4
"1729",2,4,3,4,3,4,2,3,5
"1730",5,5,5,5,6,5,4,4,4
"1731",0,2,1,3,1,3,1,1,5
"1732",8,6,7,6,7,6,7,7,6
"1733",3,5,3,5,4,4,3,3,5
"1734",3,5,4,5,5,4,4,4,5
"1735",6,7,6,9,9,6,8,7,7
"1736",8,7,7,7,10,9,9,8,9
"1737",5,6,5,4,5,5,5,6,5
"1738",3,5,3,3,4,3,3,4,3
"1739",5,5,4,3,5,4,5,6,4
"1740",1,4,1,2,2,1,2,1,2
"1741",8,6,7,6,8,8,9,9,9
"1742",5,5,4,3,5,3,5,6,3
"1743",3,4,3,4,5,4,4,3,5
"1744",5,6,5,7,10,9,9,5,9
"1745",6,7,4,7,10,6,9,7,7
"1746",5,7,3,6,5,3,5,5,5
"1747",3,7,2,4,4,1,3,4,2
"1748",4,7,4,5,7,3,5,6,4
"1749",2,3,1,3,1,1,2,3,1
"1750",6,7,2,7,9,7,8,7,8
"1751",3,7,2,3,2,1,5,6,2
"1752",3,6,1,5,6,3,5,5,5
"1753",3,6,4,8,8,8,7,4,7
"1754",9,8,8,10,10,8,9,8,10
"1755",4,5,2,5,6,4,5,8,5
"1756",1,6,1,4,5,1,2,3,3
"1757",5,5,5,5,6,4,5,5,5
"1758",0,0,0,0,0,0,0,0,0
"1759",10,9,9,9,10,9,9,9,10
"1760",6,6,6,6,7,5,5,7,5
"1761",3,5,3,4,9,5,5,4,4
"1762",5,5,4,6,10,8,9,5,9
"1763",8,5,7,4,8,5,8,8,8
"1764",7,6,6,8,5,8,5,6,4
"1765",6,7,5,6,5,3,4,5,4
"1766",7,6,6,6,7,1,5,6,4
"1767",3,8,4,5,3,2,3,3,3
"1768",6,6,6,8,7,9,8,7,8
"1769",6,7,6,6,5,5,5,5,4
"1770",4,7,6,5,5,3,5,6,4
"1771",5,4,7,9,9,7,9,8,8
"1772",8,7,8,9,10,9,10,7,10
"1773",4,5,6,5,5,4,5,6,5
"1774",4,2,6,3,2,2,1,5,0
"1775",4,5,4,4,5,3,5,5,5
"1776",5,0,4,1,1,1,0,1,0
"1777",5,6,4,9,8,7,7,6,7
"1778",4,2,4,3,5,5,5,5,2
"1779",4,5,4,4,5,5,5,5,5
"1780",3,10,10,10,10,10,10,9,10
"1781",6,6,7,7,9,6,6,6,6
"1782",4,4,3,3,6,3,3,3,4
"1783",2,3,2,1,4,1,2,1,2
"1784",5,6,4,4,6,3,3,4,3
"1785",0,1,0,0,2,0,0,0,1
"1786",6,6,7,7,8,7,7,6,8
"1787",4,5,3,3,5,2,2,3,3
"1788",2,4,1,3,5,4,1,1,4
"1789",5,7,6,8,9,8,7,4,7
"1790",10,6,8,10,10,9,9,9,10
"1791",5,1,2,3,4,0,5,5,5
"1792",2,1,0,1,2,0,2,2,0
"1793",5,5,4,7,6,5,6,6,6
"1794",0,0,0,0,0,0,0,0,0
"1795",10,7,6,10,10,10,10,9,10
"1796",4,2,2,2,3,1,4,4,2
"1797",1,8,0,9,6,3,4,3,9
"1798",10,8,8,10,10,10,10,8,10
"1799",6,7,9,7,10,8,9,7,9
"1800",4,4,5,4,7,4,4,5,5
"1801",3,3,4,4,5,3,3,3,3
"1802",6,6,5,5,5,5,5,7,4
"1803",2,2,3,2,1,0,0,0,0
"1804",5,5,7,5,7,10,7,5,7
"1805",4,5,5,4,4,4,5,4,4
"1806",3,4,5,5,5,5,4,4,5
"1807",5,5,7,8,9,9,8,6,6
"1808",7,7,8,10,10,10,9,8,10
"1809",4,7,4,1,7,1,4,3,4
"1810",4,7,4,1,7,1,4,3,4
"1811",4,7,4,2,9,2,4,3,5
"1812",1,4,1,0,1,0,1,1,0
"1813",8,8,4,7,9,7,6,8,7
"1814",4,5,3,1,7,0,4,3,4
"1815",2,6,3,1,7,1,4,2,4
"1816",7,8,8,10,10,10,9,8,9
"1817",8,8,7,8,9,7,8,7,8
"1818",5,6,5,6,5,4,4,4,5
"1819",4,4,3,4,3,3,3,3,2
"1820",6,4,5,5,6,3,5,4,3
"1821",1,3,1,2,1,1,0,0,1
"1822",7,6,7,6,7,6,7,8,6
"1823",4,4,4,5,5,3,4,4,3
"1824",3,2,2,6,6,6,2,2,5
"1825",4,6,6,9,10,8,9,5,9
"1826",2,7,4,10,10,10,8,6,10
"1827",8,5,2,2,1,2,4,2,3
"1828",9,4,2,1,1,1,2,2,2
"1829",6,4,3,1,1,1,4,4,2
"1830",0,0,0,0,0,0,1,0,0
"1831",1,5,5,7,9,10,6,8,9
"1832",7,5,1,2,1,2,3,2,2
"1833",6,5,1,2,2,2,4,2,4
"1834",4,8,4,8,10,10,8,4,10
"1835",3,2,3,5,3,1,5,4,3
"1836",3,5,2,5,5,1,3,3,2
"1837",5,5,3,5,5,5,5,5,5
"1838",2,6,1,2,4,1,4,3,5
"1839",2,3,3,2,4,1,4,4,3
"1840",2,5,3,5,5,3,4,2,5
"1841",2,4,3,4,4,3,4,3,4
"1842",2,8,3,5,7,3,4,5,4
"1843",5,5,1,5,5,3,4,4,4
"1844",1,6,2,5,5,3,3,3,3
"1845",6,7,4,8,10,6,7,8,7
"1846",9,7,8,9,8,7,7,7,7
"1847",7,7,6,8,7,7,7,6,7
"1848",6,6,7,8,8,7,7,6,8
"1849",7,7,7,7,9,7,7,7,7
"1850",8,8,7,7,8,8,7,7,8
"1851",7,7,6,7,9,5,7,8,7
"1852",6,8,6,8,9,4,6,7,6
"1853",7,6,5,8,9,6,7,6,8
"1854",7,8,6,9,9,5,7,7,6
"1855",5,9,3,10,10,10,10,8,10
"1856",8,8,5,9,10,7,9,6,9
"1857",6,9,7,9,10,9,9,7,9
"1858",9,10,8,10,10,10,9,9,10
"1859",5,8,5,9,9,7,8,5,8
"1860",10,6,10,10,9,10,10,10,8
"1861",7,9,6,10,10,7,9,6,9
"1862",5,8,4,9,10,7,8,4,9
"1863",5,9,4,9,10,9,10,5,9
"1864",5,8,4,9,10,8,9,5,8
"1865",3,0,1,2,3,0,2,2,0
"1866",3,1,4,4,4,1,3,3,2
"1867",3,0,3,1,3,0,4,4,1
"1868",3,0,4,3,2,0,2,1,0
"1869",4,1,3,2,2,0,2,3,2
"1870",3,0,3,1,2,1,3,3,2
"1871",3,1,2,1,3,1,2,3,2
"1872",1,10,1,5,2,1,2,1,1
"1873",2,2,3,2,3,1,2,2,2
"1874",2,0,1,0,3,0,3,3,2
"1875",8,3,6,2,3,2,6,8,2
"1876",8,5,8,6,5,2,5,8,4
"1877",9,3,7,2,4,0,5,7,0
"1878",6,6,5,6,5,4,6,6,2
"1879",9,5,7,0,3,0,6,8,1
"1880",8,9,7,5,5,2,6,6,5
"1881",8,4,7,1,4,1,6,6,2
"1882",7,7,7,4,4,4,6,6,3
"1883",7,5,6,0,4,0,5,8,2
"1884",10,7,9,2,6,1,8,8,2
"1885",0,3,0,2,2,1,2,2,0
"1886",1,5,2,5,5,3,2,2,3
"1887",2,4,3,3,4,4,3,3,3
"1888",1,6,1,2,2,1,2,2,3
"1889",3,5,3,4,4,2,3,3,4
"1890",2,6,1,2,2,1,2,3,3
"1891",1,7,1,5,6,4,1,1,6
"1892",2,4,2,5,5,3,2,3,3
"1893",1,1,1,3,2,2,2,2,2
"1894",3,3,1,4,4,2,2,2,3
"1895",2,4,2,2,2,1,2,2,3
"1896",0,3,2,2,3,1,2,2,2
"1897",1,0,1,3,2,2,4,3,2
"1898",6,3,3,4,5,1,3,3,3
"1899",4,4,4,4,5,4,4,4,3
"1900",1,7,1,6,5,1,3,3,3
"1901",3,4,3,3,4,2,3,3,5
"1902",2,6,1,2,3,1,3,3,2
"1903",0,3,2,2,4,1,3,3,2
"1904",3,4,3,5,4,3,3,4,2
"1905",3,5,3,4,5,2,3,3,4
"1906",0,2,1,3,3,0,3,3,1
"1907",4,3,1,4,4,2,3,3,2
"1908",1,6,1,4,5,3,2,2,4
"1909",3,2,3,2,2,0,4,4,1
"1910",2,0,1,1,2,0,2,2,1
"1911",4,3,3,3,3,2,2,3,3
"1912",3,1,2,1,1,1,1,2,1
"1913",3,2,2,3,3,1,2,2,2
"1914",0,0,0,2,2,0,2,2,0
"1915",0,0,2,0,1,0,1,2,0
"1916",3,1,3,3,3,3,3,3,1
"1917",1,1,1,2,1,1,1,1,1
"1918",3,0,1,2,2,1,1,2,1
"1919",1,0,1,2,1,1,3,3,1
"1920",4,1,4,3,3,2,3,4,1
"1921",3,1,3,2,2,0,4,3,2
"1922",4,3,3,3,3,2,2,3,3
"1923",4,1,4,3,3,2,3,4,1
"1924",0,0,2,0,2,0,2,2,0
"1925",4,0,2,3,3,1,2,3,1
"1926",4,1,3,1,2,0,2,3,1
"1927",0,0,0,2,2,0,2,2,0
"1928",3,1,4,3,3,3,3,4,1
"1929",2,0,1,1,2,0,2,2,1
"1930",1,2,3,3,3,1,3,3,2
"1931",1,0,1,2,1,1,2,1,1
"1932",1,1,1,2,1,1,2,2,1
"1933",7,6,7,6,6,3,7,7,3
"1934",5,7,5,6,6,2,7,8,4
"1935",7,6,6,6,5,5,7,7,3
"1936",9,5,5,2,6,4,5,5,4
"1937",9,8,6,3,6,1,7,8,1
"1938",3,4,6,2,4,1,6,6,3
"1939",7,6,6,6,6,2,7,7,4
"1940",9,8,8,5,6,5,6,7,6
"1941",6,6,5,6,5,5,7,7,4
"1942",7,7,5,5,5,2,7,7,3
"1943",7,6,7,5,7,2,7,8,4
"1944",6,6,4,2,5,2,5,6,2
"1945",3,5,6,6,6,3,6,6,4
"1946",9,8,8,5,7,5,7,8,7
"1947",5,7,5,6,6,2,7,8,3
"1948",9,8,6,3,7,1,7,8,1
"1949",7,6,6,6,6,2,7,7,4
"1950",8,7,6,6,6,1,7,8,2
"1951",7,6,7,6,7,2,7,8,3
"1952",7,6,7,6,6,2,6,6,2
"1953",8,6,4,2,6,1,6,7,1
"1954",6,5,6,5,5,3,7,7,1
"1955",6,7,5,5,4,2,6,6,3
"1956",3,4,6,2,5,1,6,7,3
"1957",5,6,5,5,6,3,4,5,5
"1958",5,4,4,4,4,5,4,4,5
"1959",6,5,4,6,4,6,5,5,5
"1960",4,5,4,4,6,4,5,5,5
"1961",5,6,4,3,2,2,5,4,5
"1962",5,5,5,6,6,4,6,6,4
"1963",3,4,2,3,4,3,4,4,3
"1964",3,3,4,3,4,2,4,5,5
"1965",5,5,5,5,4,4,5,5,5
"1966",5,5,3,5,4,5,4,4,5
"1967",3,5,3,4,5,8,4,4,7
"1968",5,6,4,5,5,6,5,5,6
"1969",7,6,6,7,6,7,7,6,8
"1970",3,4,6,5,5,2,6,5,2
"1971",5,5,5,6,7,6,6,6,8
"1972",5,5,5,6,6,4,5,6,6
"1973",4,7,5,4,5,4,5,5,5
"1974",1,6,5,5,6,8,5,5,1
"1975",5,5,4,4,4,7,5,5,7
"1976",3,5,4,5,7,9,5,5,8
"1977",5,5,5,5,6,4,6,6,5
"1978",6,6,5,3,5,4,6,7,8
"1979",5,5,6,6,6,7,6,6,7
"1980",6,6,4,5,5,5,5,5,4
"1981",7,7,7,8,8,7,8,8,6
"1982",7,7,7,8,9,8,8,7,6
"1983",9,9,8,8,9,6,9,9,8
"1984",4,8,8,9,8,2,8,9,6
"1985",6,8,6,8,9,5,8,8,6
"1986",8,7,8,8,9,5,8,8,6
"1987",9,9,5,9,8,4,8,8,4
"1988",8,9,7,7,7,7,8,8,6
"1989",7,7,6,7,7,3,8,7,5
"1990",9,8,8,8,9,7,8,8,7
"1991",7,7,8,7,8,9,7,7,6
"1992",8,8,6,8,10,8,7,8,7
"1993",4,7,5,9,10,10,10,4,8
"1994",4,7,3,9,10,10,10,1,8
"1995",6,7,5,9,10,8,10,6,9
"1996",6,6,5,9,9,8,9,9,7
"1997",5,9,3,10,10,10,10,4,9
"1998",6,10,3,9,10,7,10,4,10
"1999",3,10,4,10,10,5,8,7,7
"2000",3,7,4,9,9,7,9,4,6
"2001",3,6,3,10,10,9,10,2,8
"2002",5,9,5,9,10,9,10,4,9
"2003",8,9,8,10,10,9,10,10,9
"2004",5,8,5,10,10,9,9,5,8
"2005",0,4,0,4,3,2,1,0,3
"2006",1,5,0,5,1,3,0,0,4
"2007",2,0,1,5,4,5,0,1,9
"2008",0,1,0,0,0,0,0,0,5
"2009",0,6,0,2,2,3,0,0,2
"2010",1,6,1,5,4,2,1,1,5
"2011",0,0,0,0,0,0,0,0,0
"2012",1,5,1,4,6,9,1,1,10
"2013",0,5,0,2,2,1,0,0,1
"2014",0,4,0,4,2,4,0,0,5
"2015",1,5,1,1,5,4,1,1,5
"2016",0,4,0,6,5,4,0,0,6
"2017",9,8,9,8,9,5,7,7,6
"2018",8,8,7,7,7,5,8,9,7
"2019",2,4,1,2,2,2,3,2,2
"2020",2,1,1,3,2,3,3,3,3
"2021",4,5,4,5,7,4,5,5,5
"2022",5,6,5,5,7,4,6,7,7
"2023",4,6,4,5,6,4,5,5,6
"2024",3,6,4,5,8,5,4,4,6
"2025",4,2,2,4,5,4,5,4,3
"2026",4,1,2,3,3,3,4,4,3
"2027",3,5,3,4,5,3,5,4,3
"2028",5,5,7,4,6,4,4,5,4
"2029",7,7,8,7,10,7,7,8,8
"2030",4,5,3,7,8,5,7,6,7
"2031",5,9,9,9,10,10,10,10,10
"2032",3,5,3,9,10,9,10,5,10
"2033",4,4,4,6,6,5,5,4,7
"2034",1,5,3,7,3,4,4,4,5
"2035",8,5,3,9,8,1,4,4,5
"2036",3,5,3,7,8,3,4,4,4
"2037",4,5,3,7,7,4,4,4,6
"2038",4,5,3,7,8,3,5,3,7
"2039",1,7,3,7,8,1,4,4,6
"2040",2,5,4,7,8,0,4,4,1
"2041",4,4,4,6,5,5,4,4,5
"2042",2,3,2,9,8,2,3,3,6
"2043",4,6,3,7,7,4,4,4,6
"2044",4,4,3,6,7,3,4,4,6
"2045",5,4,3,6,7,4,3,3,2
"2046",4,5,3,7,6,3,4,3,4
"2047",6,1,6,1,2,0,6,6,0
"2048",5,8,4,1,1,0,4,5,1
"2049",5,2,5,2,1,1,5,5,2
"2050",7,2,7,2,0,1,4,6,1
"2051",6,2,5,2,1,1,6,6,2
"2052",6,0,5,1,1,0,5,5,1
"2053",5,2,5,2,3,1,5,6,0
"2054",2,8,5,2,2,0,5,5,1
"2055",5,4,6,4,4,4,5,6,4
"2056",6,4,5,5,2,4,5,6,2
"2057",6,5,4,3,2,0,5,5,0
"2058",5,3,5,3,5,1,5,6,1
"2059",6,7,4,4,3,2,6,6,3
"2060",6,3,6,1,1,1,5,6,1
"2061",6,6,7,7,7,5,7,7,7
"2062",7,8,7,7,7,5,7,8,6
"2063",7,6,8,8,7,5,7,7,8
"2064",3,5,7,5,9,2,7,8,5
"2065",7,5,8,7,8,5,5,8,8
"2066",7,5,7,8,7,7,7,7,8
"2067",7,6,7,9,8,3,7,8,7
"2068",7,5,6,8,7,5,7,7,3
"2069",6,6,8,9,8,2,8,8,8
"2070",6,5,8,7,8,3,8,8,4
"2071",7,4,7,7,7,5,7,8,6
"2072",6,5,7,7,6,6,6,7,6
"2073",6,5,7,6,8,1,8,7,2
"2074",7,6,7,8,8,4,8,8,7
"2075",2,2,2,4,5,1,3,3,1
"2076",1,2,3,5,5,0,3,3,1
"2077",5,3,3,5,6,3,3,3,2
"2078",0,8,1,2,5,0,2,2,3
"2079",3,1,2,3,7,3,2,1,5
"2080",1,2,1,2,3,1,3,2,1
"2081",3,3,3,4,4,4,3,3,4
"2082",2,2,2,2,4,2,2,2,2
"2083",1,2,2,4,5,0,2,2,4
"2084",10,4,1,5,4,0,3,3,2
"2085",3,8,2,4,3,2,3,3,3
"2086",3,8,2,3,4,2,2,2,3
"2087",3,1,3,3,3,3,3,3,2
"2088",3,1,2,2,2,1,3,3,3
"2089",4,6,6,6,9,1,6,7,6
"2090",6,6,6,7,6,5,6,7,6
"2091",7,7,7,7,6,5,7,7,7
"2092",6,9,7,7,8,3,5,6,9
"2093",7,6,7,6,8,0,7,7,1
"2094",4,6,6,8,8,1,7,7,7
"2095",6,6,5,6,7,4,7,7,2
"2096",7,3,6,8,8,4,7,6,5
"2097",7,7,7,8,8,5,7,7,6
"2098",6,6,6,5,7,5,6,6,5
"2099",7,5,6,7,8,2,6,7,5
"2100",9,8,8,7,8,5,8,8,6
"2101",6,5,7,6,6,3,7,7,6
"2102",5,6,7,7,8,3,7,7,4
"2103",0,0,0,0,2,0,0,0,1
"2104",1,1,0,0,1,1,1,1,1
"2105",0,1,1,2,3,0,1,1,0
"2106",0,10,0,1,2,0,0,0,1
"2107",0,9,0,2,3,0,1,1,0
"2108",4,2,1,5,2,3,1,1,2
"2109",10,3,0,1,2,0,1,1,1
"2110",2,2,2,3,3,3,2,2,3
"2111",0,3,2,5,3,0,2,2,0
"2112",0,1,0,1,3,0,0,0,0
"2113",1,1,1,1,1,1,1,1,1
"2114",2,1,0,2,1,1,1,1,1
"2115",1,0,1,3,2,1,1,1,1
"2116",1,8,1,4,6,2,2,2,3
"2117",4,6,3,8,9,6,8,4,8
"2118",5,7,5,8,9,2,7,4,5
"2119",5,9,5,9,9,9,9,5,9
"2120",5,7,5,9,9,6,7,5,9
"2121",3,5,3,10,9,4,7,4,10
"2122",7,1,5,9,9,6,8,5,8
"2123",3,10,3,9,9,5,8,3,10
"2124",3,4,3,9,9,2,6,4,9
"2125",6,7,4,9,8,5,4,3,3
"2126",6,8,3,10,10,4,8,4,8
"2127",5,7,6,8,7,6,7,5,8
"2128",5,8,5,9,9,6,5,5,8
"2129",5,9,5,10,10,10,7,5,10
"2130",5,7,6,8,10,5,6,6,7
"2131",10,9,10,1,8,0,7,8,5
"2132",2,8,9,1,9,4,8,9,8
"2133",9,4,9,1,4,0,8,9,3
"2134",9,7,9,5,5,3,8,9,4
"2135",7,7,7,6,5,5,7,8,5
"2136",8,9,10,7,8,5,9,9,6
"2137",9,1,9,7,6,3,7,9,4
"2138",9,6,8,5,7,0,8,8,2
"2139",9,10,9,4,5,3,9,9,4
"2140",9,7,9,5,7,3,8,9,1
"2141",9,8,10,8,8,5,9,9,5
"2142",10,8,10,2,7,2,8,9,0
"2143",8,4,9,3,1,1,8,8,3
"2144",8,7,9,6,8,3,8,9,4
"2145",1,10,2,0,1,0,1,1,1
"2146",4,2,4,4,3,3,3,3,2
"2147",3,0,3,2,1,0,2,4,1
"2148",4,8,3,3,2,0,3,4,2
"2149",4,0,4,2,3,0,3,5,0
"2150",2,0,1,3,1,0,2,3,1
"2151",2,0,3,0,1,0,2,3,0
"2152",2,0,3,2,1,0,2,3,0
"2153",4,0,3,6,3,4,2,2,3
"2154",9,0,4,3,2,0,2,3,0
"2155",5,0,4,3,3,0,4,4,0
"2156",2,0,2,0,1,1,4,3,2
"2157",2,0,3,4,3,0,3,3,0
"2158",3,10,2,3,3,0,2,4,1
"2159",9,0,9,10,10,8,9,9,9
"2160",9,9,9,9,9,9,10,9,9
"2161",10,3,9,8,10,6,9,8,9
"2162",10,10,10,10,10,10,10,9,10
"2163",9,8,10,9,10,6,9,9,10
"2164",8,7,7,7,8,5,7,6,3
"2165",2,8,8,10,10,5,9,9,10
"2166",9,8,10,10,10,9,10,10,10
"2167",8,7,8,8,10,9,8,7,6
"2168",8,7,10,8,10,7,9,10,6
"2169",9,8,9,7,10,4,10,9,4
"2170",8,8,7,8,8,7,8,8,9
"2171",9,9,9,10,10,6,9,9,9
"2172",8,3,8,9,10,3,9,8,10
"2173",1,1,0,4,1,1,2,2,1
"2174",0,0,0,2,2,0,3,4,2
"2175",4,4,3,4,4,3,4,4,4
"2176",3,3,3,4,4,4,3,3,5
"2177",1,9,0,3,4,1,3,3,3
"2178",1,3,2,5,5,1,4,4,4
"2179",2,6,1,4,4,5,3,3,5
"2180",4,4,4,3,4,3,4,4,3
"2181",3,4,3,4,4,3,3,3,4
"2182",2,4,1,2,3,2,2,2,2
"2183",4,5,2,4,3,3,3,3,3
"2184",4,4,3,4,3,2,4,4,3
"2185",3,4,2,5,6,3,3,3,3
"2186",2,4,0,6,5,2,3,3,4
"2187",7,5,6,6,3,4,7,7,5
"2188",10,7,10,6,3,4,9,9,4
"2189",7,5,6,5,4,3,7,8,5
"2190",7,6,6,6,5,5,7,7,5
"2191",10,5,10,9,2,4,9,10,2
"2192",5,6,7,6,3,4,8,8,6
"2193",2,2,6,6,7,2,6,6,5
"2194",6,3,5,7,5,3,7,6,6
"2195",8,6,9,6,5,5,8,8,5
"2196",9,7,7,8,8,7,7,8,7
"2197",7,6,7,8,3,3,9,9,5
"2198",8,9,2,8,6,2,8,8,4
"2199",8,6,8,6,3,6,8,8,6
"2200",8,7,7,6,5,5,8,8,6
"2201",5,6,5,5,6,7,5,5,8
"2202",5,6,4,6,5,5,5,6,6
"2203",7,7,7,7,5,7,7,7,9
"2204",4,6,6,7,7,4,7,7,8
"2205",2,8,0,7,6,3,5,5,7
"2206",5,8,6,6,7,7,6,6,7
"2207",8,7,7,8,6,7,7,8,6
"2208",6,7,5,6,6,7,6,6,7
"2209",5,3,4,7,5,5,6,5,8
"2210",6,2,4,6,5,2,5,6,4
"2211",6,5,5,5,5,4,6,6,6
"2212",5,8,5,6,5,7,5,7,6
"2213",3,7,6,3,4,3,6,6,5
"2214",7,8,5,7,6,7,6,5,7
"2215",0,9,0,1,1,1,1,3,1
"2216",3,3,2,3,2,1,2,2,2
"2217",2,3,2,2,3,2,1,1,2
"2218",2,0,1,0,0,0,1,0,0
"2219",3,4,2,3,4,3,2,2,3
"2220",0,2,0,3,3,0,1,1,1
"2221",2,3,2,3,3,2,3,2,3
"2222",0,0,0,3,1,0,1,1,1
"2223",0,2,0,0,1,1,1,1,0
"2224",3,4,3,3,4,3,2,3,2
"2225",1,2,0,2,1,0,1,1,0
"2226",2,4,1,2,1,1,2,2,1
"2227",1,2,2,1,2,1,2,2,2
"2228",0,2,0,3,5,1,1,1,3
"2229",7,9,7,10,10,10,7,7,10
"2230",6,10,5,9,10,8,8,6,10
"2231",6,9,5,8,9,8,6,6,9
"2232",6,7,5,8,9,8,8,6,8
"2233",6,4,2,10,10,5,6,5,8
"2234",5,9,8,7,9,9,8,8,8
"2235",5,8,5,10,10,8,7,7,8
"2236",7,10,5,10,10,10,9,7,9
"2237",6,9,5,10,10,9,7,5,9
"2238",6,8,6,8,10,9,8,7,9
"2239",8,10,9,10,10,10,10,9,10
"2240",4,8,5,8,10,8,9,7,10
"2241",5,9,5,9,10,6,6,6,7
"2242",3,10,2,10,10,5,7,4,8
"2243",4,4,4,3,2,1,7,7,1
"2244",4,5,5,5,2,1,6,6,4
"2245",6,4,6,3,1,0,6,6,0
"2246",7,5,6,3,1,2,6,6,3
"2247",6,5,7,4,1,2,6,6,2
"2248",6,3,2,6,3,2,5,7,2
"2249",5,2,4,4,2,2,5,5,3
"2250",6,4,5,4,2,2,6,7,3
"2251",6,4,6,2,3,1,6,6,2
"2252",6,5,4,4,4,3,7,6,3
"2253",6,9,1,2,1,1,6,5,4
"2254",6,5,5,3,4,4,6,6,3
"2255",6,2,6,6,3,3,7,8,4
"2256",5,3,5,4,3,0,5,6,4
"2257",3,1,3,2,3,0,3,3,1
"2258",4,1,3,2,0,1,3,3,1
"2259",2,0,0,1,1,0,2,2,1
"2260",4,1,4,2,2,1,3,4,1
"2261",5,1,4,2,1,1,4,5,1
"2262",6,0,4,2,0,0,5,5,0
"2263",4,2,3,3,1,2,4,4,3
"2264",3,1,3,1,1,1,4,6,1
"2265",4,1,3,3,2,2,4,4,2
"2266",5,2,5,2,2,1,5,6,1
"2267",3,0,2,1,0,0,4,4,0
"2268",0,10,0,1,0,0,4,3,0
"2269",5,2,3,3,3,0,4,5,0
"2270",4,2,3,1,2,1,3,4,1
"2271",5,5,5,5,3,8,5,6,9
"2272",5,5,4,6,6,8,5,5,9
"2273",1,9,0,5,6,5,7,3,9
"2274",5,7,3,8,5,9,7,6,9
"2275",5,5,5,5,6,9,6,5,7
"2276",3,6,4,5,4,7,7,5,9
"2277",9,7,8,9,8,10,9,8,9
"2278",6,6,7,8,8,9,8,7,10
"2279",6,7,6,8,7,9,8,7,8
"2280",5,6,6,7,7,8,8,8,9
"2281",6,5,5,5,4,8,7,5,8
"2282",4,5,5,7,5,9,5,5,8
"2283",3,5,5,4,6,9,7,5,9
"2284",4,7,4,7,6,10,7,5,10
"2285",0,1,0,3,1,1,2,1,1
"2286",1,8,2,2,3,2,2,2,3
"2287",0,2,0,2,4,3,1,0,5
"2288",1,2,0,3,3,1,1,1,5
"2289",3,6,2,2,3,1,1,2,7
"2290",0,2,0,0,4,1,0,1,2
"2291",0,3,0,2,2,0,2,2,2
"2292",0,5,0,6,6,4,0,0,5
"2293",4,2,2,3,2,1,3,3,3
"2294",0,6,2,1,4,0,3,4,3
"2295",4,4,2,1,3,2,4,4,3
"2296",4,7,4,4,6,2,4,4,3
"2297",3,3,2,2,0,0,4,3,2
"2298",5,6,4,3,3,2,3,3,7
"2299",0,2,1,2,1,0,1,2,0
"2300",1,2,1,0,3,0,2,2,1
"2301",5,9,4,3,3,1,4,4,7
"2302",3,3,3,2,4,1,3,3,2
"2303",0,0,2,0,2,0,2,3,0
"2304",5,0,3,1,1,1,3,3,1
"2305",4,1,4,2,2,2,3,3,2
"2306",3,0,2,0,0,0,3,3,1
"2307",1,0,0,0,0,0,0,1,0
"2308",0,0,1,2,1,0,2,3,0
"2309",9,8,7,7,10,9,9,10,9
"2310",7,7,6,6,7,6,7,7,7
"2311",6,4,8,8,7,8,8,8,3
"2312",8,5,8,6,6,5,7,7,8
"2313",9,8,7,9,8,9,8,8,7
"2314",1,9,7,9,8,8,8,7,7
"2315",9,10,9,8,8,9,8,10,7
"2316",6,7,7,8,9,7,8,8,7
"2317",1,8,1,10,10,9,10,10,10
"2318",4,8,7,9,10,6,10,6,6
"2319",5,9,6,9,10,7,10,4,8
"2320",4,7,5,10,10,8,10,7,10
"2321",5,7,3,8,9,8,8,9,9
"2322",2,8,2,10,10,10,10,10,10
"2323",4,4,5,8,10,7,10,5,4
"2324",6,7,3,10,10,7,10,4,8
"2325",5,10,6,7,8,6,7,7,6
"2326",2,3,2,3,3,1,5,5,4
"2327",6,8,6,8,7,6,6,6,5
"2328",6,5,5,5,5,4,5,5,6
"2329",6,6,6,3,7,1,7,8,4
"2330",9,10,9,6,6,6,7,8,4
"2331",7,6,7,1,2,3,5,5,2
"2332",5,5,6,6,5,7,7,6,5
"2333",3,6,2,3,4,1,2,2,8
"2334",1,3,1,2,4,1,2,1,5
"2335",0,5,0,0,0,0,0,0,1
"2336",1,4,0,5,5,3,1,1,3
"2337",0,0,0,0,9,0,0,0,0
"2338",0,0,0,2,4,0,2,1,2
"2339",0,8,0,2,3,4,1,0,4
"2340",2,5,2,1,3,2,2,2,2
"2341",8,9,7,10,10,9,10,8,10
"2342",5,9,6,9,10,8,10,4,8
"2343",7,10,7,10,10,9,9,7,9
"2344",1,7,2,9,7,6,3,5,9
"2345",5,5,5,8,8,8,8,9,9
"2346",2,4,2,1,8,6,4,2,3
"2347",5,3,7,8,8,8,8,7,3
"2348",9,8,9,10,10,8,9,7,10
"2349",6,4,6,6,6,5,7,7,7
"2350",6,7,6,8,5,2,6,6,4
"2351",0,3,1,7,7,8,7,2,6
"2352",7,4,7,3,1,2,6,6,2
"2353",6,7,5,5,8,3,6,6,4
"2354",5,9,7,10,10,10,8,8,8
"2355",5,5,5,6,7,1,7,7,1
"2356",1,4,6,8,7,2,6,6,1
"2357",8,8,8,9,5,6,6,6,7
"2358",4,5,2,3,3,4,4,4,4
"2359",10,9,10,2,3,3,7,7,4
"2360",2,0,3,2,2,1,4,4,1
"2361",0,5,0,0,6,1,1,1,5
"2362",8,8,9,9,8,8,8,8,8
"2363",9,10,6,10,10,9,10,10,10
"2364",0,4,1,3,5,2,2,2,5
"2365",5,1,5,7,7,9,9,7,6
"2366",5,7,6,6,6,5,6,6,5
"2367",3,6,4,4,5,3,4,4,4
"2368",8,6,8,2,7,3,7,8,4
"2369",2,2,3,1,3,1,3,3,2
"2370",0,4,0,1,5,1,2,2,3
"2371",5,8,6,7,7,6,7,6,6
"2372",5,8,4,9,10,8,9,5,8
"2373",0,2,0,1,2,1,2,3,2
"2374",10,10,10,10,10,10,10,10,10
"2375",5,6,6,4,5,4,6,6,7
"2376",4,6,4,3,4,3,4,4,4
"2377",7,6,9,2,6,2,6,7,4
"2378",2,2,4,1,1,1,3,3,0
"2379",2,6,2,3,4,3,1,1,4
"2380",5,6,6,4,7,4,7,8,8
"2381",5,9,5,8,10,5,10,10,10
"2382",10,10,10,10,10,10,10,10,10
"2383",2,10,1,2,3,0,2,3,1
"2384",3,6,5,7,5,6,6,6,6
"2385",2,3,2,5,3,2,4,4,2
"2386",9,10,10,5,5,4,6,9,5
"2387",2,1,3,1,1,1,3,4,0
"2388",0,6,0,1,4,2,2,1,4
"2389",5,5,8,8,7,8,8,7,7
"2390",6,10,5,9,10,10,9,7,9
"2391",4,2,3,1,7,1,3,3,2
"2392",2,9,6,10,8,3,5,4,4
"2393",7,7,6,7,4,5,6,6,5
"2394",3,7,3,3,1,3,3,3,3
"2395",9,4,9,3,7,6,7,8,4
"2396",2,10,2,2,0,1,3,3,1
"2397",0,5,0,3,3,2,2,1,3
"2398",7,5,8,10,8,8,8,6,8
"2399",1,2,6,10,10,10,9,7,10
"2400",8,2,7,4,9,7,10,10,6
"2401",5,8,7,9,10,10,9,8,10
"2402",4,6,6,7,6,6,5,5,6
"2403",1,4,3,4,3,3,3,3,4
"2404",9,8,9,2,6,1,6,7,3
"2405",3,1,4,2,1,1,3,3,1
"2406",0,4,1,4,2,2,1,1,5
"2407",4,7,4,8,8,8,6,5,8
"2408",5,10,5,9,10,10,9,6,10
"2409",2,4,3,1,4,1,3,2,2
"2410",0,8,2,6,9,2,5,4,6
"2411",7,4,6,6,5,5,6,6,6
"2412",2,2,2,2,3,1,3,3,2
"2413",10,7,9,3,6,1,7,9,3
"2414",4,0,3,1,1,0,3,3,1
"2415",0,4,0,2,2,1,1,1,2
"2416",6,4,5,9,8,7,8,5,8
"2417",7,8,7,10,10,9,10,8,10
"2418",10,5,9,4,3,1,7,8,2
"2419",0,7,3,7,10,5,5,4,6
"2420",8,9,6,9,10,7,7,8,8
"2421",6,6,7,6,3,4,5,7,5
"2422",5,7,6,6,8,1,5,9,1
"2423",9,3,7,2,4,1,5,7,1
"2424",4,5,4,5,5,3,2,3,4
"2425",6,10,6,9,10,10,8,8,9
"2426",7,9,9,8,10,10,9,8,10
"2427",3,0,1,0,0,0,1,2,0
"2428",0,2,3,1,0,0,1,2,0
"2429",7,5,7,6,6,5,6,6,5
"2430",4,5,5,4,4,3,4,4,3
"2431",9,7,9,6,7,4,7,8,4
"2432",5,3,5,3,2,2,4,5,1
"2433",3,4,2,3,2,2,2,2,2
"2434",7,5,7,7,7,6,7,6,6
"2435",9,9,6,9,10,8,9,6,9
"2436",9,10,10,9,10,3,10,9,9
"2437",1,4,2,8,8,9,5,2,9
"2438",4,4,6,7,7,2,6,7,4
"2439",3,3,3,6,5,0,3,3,2
"2440",8,7,8,5,7,0,7,8,2
"2441",0,0,4,4,3,0,3,3,1
"2442",0,2,0,4,3,0,1,1,2
"2443",4,4,6,8,8,5,8,7,7
"2444",6,10,6,10,10,7,10,6,10
"2445",6,6,3,6,4,3,7,6,4
"2446",9,9,6,6,10,6,9,6,8
"2447",7,7,7,7,9,7,7,7,6
"2448",3,4,5,6,6,5,4,4,4
"2449",9,8,7,8,9,4,8,8,3
"2450",4,2,3,2,2,2,3,4,2
"2451",2,4,4,5,4,5,2,2,4
"2452",8,8,7,8,9,7,8,8,6
"2453",10,10,10,10,10,10,10,10,10
"2454",1,1,2,3,2,0,3,2,1
"2455",6,6,4,8,6,0,5,5,2
"2456",6,7,6,7,7,5,6,5,7
"2457",3,5,3,5,5,3,3,3,3
"2458",8,9,9,2,6,2,7,8,4
"2459",4,1,4,2,3,2,3,4,1
"2460",1,5,1,4,5,2,1,1,4
"2461",6,7,6,7,8,6,7,6,8
"2462",7,10,7,9,10,10,9,7,10
"2463",2,1,1,1,2,1,2,2,0
"2464",0,5,0,5,7,2,3,2,4
"2465",8,8,7,8,7,6,6,7,6
"2466",3,6,3,2,3,3,3,3,3
"2467",10,9,10,3,6,2,8,9,2
"2468",1,1,2,1,1,0,2,3,1
"2469",0,3,0,0,2,3,1,1,2
"2470",9,8,8,10,8,8,8,6,8
"2471",6,10,6,10,10,10,9,5,9
"2472",6,4,5,4,3,2,2,3,1
"2473",1,2,0,4,2,7,5,3,8
"2474",7,7,7,6,9,5,5,5,6
"2475",1,5,2,3,6,0,5,5,1
"2476",10,7,10,0,3,0,5,8,0
"2477",2,0,5,0,0,0,2,6,0
"2478",0,3,0,0,0,0,1,0,0
"2479",5,6,6,7,9,5,5,5,7
"2480",6,10,5,10,10,10,9,6,9
"2481",7,5,6,1,2,0,5,6,2
"2482",5,1,4,3,4,0,3,10,1
"2483",6,5,6,7,4,5,6,6,6
"2484",3,4,3,4,4,3,4,3,4
"2485",10,6,9,3,6,2,6,8,4
"2486",6,0,6,1,0,0,4,5,0
"2487",2,5,2,1,0,1,2,1,2
"2488",5,5,5,8,6,6,7,6,8
"2489",7,8,7,10,10,10,9,7,10
"2490",4,5,1,0,0,1,2,2,2
"2491",5,0,4,0,0,5,5,5,3
"2492",5,7,6,8,7,6,7,7,7
"2493",3,5,3,5,4,3,4,4,4
"2494",9,8,8,5,4,2,6,8,4
"2495",2,1,2,3,2,1,3,3,2
"2496",0,2,1,1,1,1,2,2,2
"2497",5,7,5,8,8,7,8,6,8
"2498",9,9,8,9,10,9,9,8,9
"2499",2,0,2,1,1,1,2,3,1
"2500",1,1,1,2,1,0,1,2,0
"2501",6,5,6,7,6,5,6,6,5
"2502",4,6,4,6,7,4,4,4,5
"2503",7,7,8,3,7,2,7,8,4
"2504",6,4,6,3,5,2,7,7,2
"2505",2,5,2,6,5,3,2,2,4
"2506",5,5,5,8,9,7,6,6,7
"2507",5,9,5,10,10,10,9,5,10
"2508",5,9,1,2,7,0,6,3,5
"2509",5,6,6,9,10,9,8,6,9
"2510",4,4,3,5,4,4,4,4,4
"2511",1,2,0,2,3,1,2,3,3
"2512",7,7,5,7,5,2,6,6,5
"2513",2,1,1,4,2,0,2,2,2
"2514",0,2,0,1,1,0,1,1,1
"2515",8,6,6,7,5,3,5,7,6
"2516",5,8,5,10,8,9,8,8,9
"2517",3,2,0,3,2,5,5,1,3
"2518",4,1,5,4,7,3,4,5,3
"2519",8,7,7,7,7,9,7,6,7
"2520",2,5,3,5,5,1,3,3,3
"2521",9,9,8,2,6,1,5,8,2
"2522",3,1,2,1,1,0,3,3,1
"2523",2,4,1,1,2,2,1,1,2
"2524",5,6,6,8,8,7,8,5,8
"2525",2,1,3,10,10,9,9,5,9
"2526",8,9,8,6,9,9,9,8,9
"2527",0,7,3,9,9,9,8,4,8
"2528",4,5,4,4,5,4,4,4,3
"2529",2,5,3,4,4,3,3,3,3
"2530",9,7,9,2,6,1,6,8,2
"2531",2,0,2,0,1,0,2,2,0
"2532",0,4,0,1,0,1,1,1,0
"2533",4,5,4,4,6,4,5,5,3
"2534",7,8,5,8,10,9,9,3,9
"2535",1,0,3,0,0,0,2,3,0
"2536",10,6,7,5,8,8,9,9,7
"2537",6,6,5,7,6,6,5,5,7
"2538",4,6,4,5,5,3,4,4,5
"2539",7,8,7,4,7,2,6,7,8
"2540",2,1,3,3,3,1,3,3,3
"2541",1,8,2,5,3,3,1,1,4
"2542",9,9,9,9,10,9,9,8,9
"2543",3,10,6,10,10,10,10,10,10
"2544",9,8,8,4,3,2,6,8,3
"2545",9,6,6,4,8,2,7,7,4
"2546",3,4,4,3,5,2,4,4,3
"2547",5,8,5,2,5,2,5,5,3
"2548",3,6,3,3,7,5,4,3,3
"2549",5,5,4,6,5,2,5,5,4
"2550",3,7,4,4,4,4,4,4,6
"2551",3,4,2,4,4,3,4,4,3
"2552",5,5,4,4,6,2,4,4,5
"2553",8,5,5,4,5,5,5,5,5
"2554",2,9,3,1,2,0,4,4,3
"2555",7,7,7,7,7,7,7,6,8
"2556",8,4,8,8,7,7,7,9,8
"2557",6,5,6,7,8,6,8,6,8
"2558",5,4,7,7,7,6,6,8,7
"2559",8,7,8,9,8,8,8,8,8
"2560",10,9,7,10,9,8,8,9,9
"2561",7,6,6,7,6,6,6,6,6
"2562",7,10,10,10,10,10,7,6,5
"2563",7,5,7,8,8,7,7,7,8
"2564",2,3,2,0,2,3,2,3,2
"2565",1,7,0,0,2,0,3,1,1
"2566",2,0,2,2,3,2,2,2,2
"2567",2,2,2,0,2,1,3,2,1
"2568",0,3,0,1,0,0,2,2,7
"2569",2,3,2,2,2,2,2,2,2
"2570",1,7,2,4,2,3,2,2,3
"2571",2,3,1,3,3,0,3,3,2
"2572",2,3,1,2,3,1,2,3,2
"2573",0,6,0,4,4,3,1,0,4
"2574",0,2,0,4,3,5,0,0,7
"2575",0,5,0,6,5,6,0,0,7
"2576",0,5,1,2,2,2,0,0,3
"2577",0,7,0,2,5,10,0,0,9
"2578",0,7,0,5,1,3,0,0,3
"2579",0,7,0,6,1,6,0,0,10
"2580",0,3,0,0,3,6,1,0,7
"2581",0,5,0,3,3,3,0,1,6
"2582",5,8,7,7,6,5,8,6,5
"2583",8,5,8,4,4,5,6,7,3
"2584",2,9,1,0,1,0,3,3,0
"2585",2,0,1,1,2,1,3,2,1
"2586",3,4,4,3,5,2,4,4,3
"2587",4,7,5,6,5,4,5,5,5
"2588",4,4,4,5,4,2,5,6,3
"2589",7,8,9,7,6,9,8,6,4
"2590",5,4,4,2,4,2,4,6,5
"2591",5,5,4,10,10,10,10,4,10
"2592",8,7,7,5,7,8,8,7,7
"2593",1,8,1,10,10,10,10,8,10
"2594",0,10,0,10,10,10,10,0,10
"2595",5,8,5,10,10,10,10,5,10
"2596",0,9,1,10,9,10,10,1,10
"2597",0,3,3,10,10,10,10,2,10
"2598",5,5,5,10,10,10,10,4,10
"2599",3,1,3,10,10,10,10,3,10
"2600",5,7,7,9,9,9,9,5,8
"2601",0,10,3,10,10,10,8,2,10
"2602",5,7,5,10,10,10,9,5,10
"2603",7,9,5,10,10,10,10,6,9
"2604",5,7,4,10,10,7,6,6,8
"2605",5,7,6,9,9,10,8,5,9
"2606",2,8,2,9,9,9,9,8,9
"2607",1,8,1,9,9,9,9,2,10
"2608",3,1,3,10,10,10,10,2,10
"2609",1,0,1,0,0,0,1,2,0
"2610",0,6,1,0,0,0,1,1,0
"2611",1,2,1,0,1,0,4,2,0
"2612",6,10,6,7,7,9,7,9,9
"2613",5,1,0,0,0,0,2,2,0
"2614",2,2,2,2,2,2,1,1,2
"2615",1,1,1,1,2,2,2,2,2
"2616",1,8,1,10,10,9,1,1,9
"2617",2,0,1,1,0,0,2,3,0
"2618",6,8,9,6,6,3,8,8,7
"2619",6,5,6,3,7,0,8,7,4
"2620",9,6,9,4,9,5,8,8,3
"2621",8,6,7,6,6,5,8,7,7
"2622",3,5,3,1,3,1,7,7,2
"2623",0,0,2,0,3,0,2,3,0
"2624",2,1,1,0,2,0,2,3,1
"2625",0,0,1,4,3,0,2,2,2
"2626",0,0,2,3,3,2,1,1,0
"2627",2,2,2,1,3,1,3,3,1
"2628",2,7,4,2,5,1,5,5,1
"2629",3,5,3,1,3,1,5,5,2
"2630",5,5,4,3,5,1,5,5,4
"2631",3,5,3,6,5,5,5,5,5
"2632",3,8,4,5,6,3,6,5,6
"2633",6,10,7,6,10,6,7,6,5
"2634",3,6,3,1,4,1,5,5,2
"2635",4,8,6,6,9,5,6,5,10
"2636",6,5,5,5,7,5,6,6,6
"2637",8,9,7,5,10,6,7,9,9
"2638",2,0,2,4,4,0,3,3,4
"2639",5,1,2,2,3,0,3,3,2
"2640",3,10,2,1,3,1,4,4,1
"2641",0,0,1,0,0,0,3,3,0
"2642",2,1,2,0,2,0,3,3,1
"2643",3,7,3,0,0,0,4,4,0
"2644",5,2,3,1,1,0,4,4,1
"2645",3,4,2,1,2,1,4,4,1
"2646",4,5,4,1,2,0,4,5,0
"2647",1,1,4,0,0,1,4,4,0
"2648",7,3,4,1,4,1,7,6,1
"2649",5,5,4,1,2,1,8,9,1
"2650",6,1,5,0,2,0,6,6,1
"2651",6,1,6,0,2,0,7,6,0
"2652",5,4,6,4,4,0,6,6,3
"2653",1,5,1,7,10,5,4,3,8
"2654",3,5,2,1,5,1,4,4,3
"2655",2,6,2,7,5,3,5,5,6
"2656",4,6,2,4,6,2,5,4,4
"2657",0,10,0,6,10,6,4,4,5
"2658",4,7,4,6,5,5,5,4,6
"2659",7,7,7,7,8,7,7,7,8
"2660",6,5,4,6,5,4,5,5,5
"2661",2,7,4,4,5,2,4,4,5
"2662",6,8,5,7,7,6,6,6,6
"2663",4,4,4,6,4,5,5,5,6
"2664",6,6,6,5,3,4,6,7,4
"2665",7,7,7,7,7,4,6,7,5
"2666",6,7,6,7,5,3,6,6,4
"2667",3,7,4,6,5,2,5,5,6
"2668",7,6,7,5,2,4,7,8,3
"2669",5,4,6,6,4,4,6,6,4
"2670",7,8,6,7,7,5,6,7,4
"2671",6,5,5,5,5,3,5,6,4
"2672",3,6,3,4,4,2,4,3,3
"2673",0,4,2,8,5,1,2,3,4
"2674",3,4,3,3,4,2,3,3,2
"2675",3,5,3,5,5,2,3,4,2
"2676",5,7,5,6,5,4,5,4,5
"2677",3,3,3,3,3,2,4,4,2
"2678",4,5,4,4,2,3,4,4,2
"2679",3,3,3,3,4,4,4,2,3
"2680",4,3,4,4,2,2,4,4,2
"2681",4,1,3,4,3,2,3,3,2
"2682",3,0,4,3,2,2,4,4,2
"2683",2,0,3,3,4,2,2,3,1
"2684",0,0,2,9,5,1,2,3,3
"2685",3,2,2,4,4,2,3,3,2
"2686",2,6,2,4,3,2,2,2,3
"2687",0,1,1,10,5,1,1,1,10
"2688",3,7,4,7,4,6,4,2,6
"2689",2,5,3,4,4,2,3,3,3
"2690",3,6,3,5,3,4,2,3,4
"2691",2,8,1,7,7,4,3,1,3
"2692",2,6,2,5,4,3,3,3,2
"2693",3,5,3,3,4,2,3,3,2
"2694",2,5,3,4,3,2,3,2,3
"2695",3,5,3,5,4,2,3,3,2
"2696",3,6,2,8,8,5,6,2,7
"2697",4,7,4,8,8,5,4,2,5
"2698",0,1,1,9,5,1,1,0,3
"2699",3,3,3,3,3,2,4,4,2
"2700",7,7,7,8,9,9,9,8,10
"2701",5,2,2,1,2,1,3,3,1
"2702",6,7,6,7,6,7,7,7,8
"2703",8,6,8,8,8,7,8,8,8
"2704",8,7,8,9,10,8,9,8,10
"2705",9,9,9,2,9,1,7,7,3
"2706",3,5,6,10,10,8,6,5,8
"2707",1,5,2,7,8,9,4,3,7
"2708",0,3,1,10,5,1,0,0,3
"2709",1,3,1,2,2,1,1,0,0
"2710",1,6,2,5,4,2,2,2,3
"2711",0,4,1,4,4,2,1,0,2
"2712",3,5,6,2,4,4,4,4,3
"2713",1,5,0,3,0,2,0,0,2
"2714",5,6,6,8,8,8,9,6,7
"2715",7,1,5,0,3,1,3,2,1
"2716",2,3,1,3,2,3,3,2,1
"2717",5,5,6,5,5,3,5,5,4
"2718",4,1,1,2,4,1,3,1,2
"2719",2,0,2,2,1,2,2,1,2
"2720",2,5,2,5,5,3,3,3,3
"2721",10,10,10,10,10,10,10,10,10
"2722",6,6,6,9,10,8,8,6,8
"2723",7,8,7,8,10,2,8,8,9
"2724",9,10,7,9,10,6,7,7,9
"2725",9,8,10,10,10,9,9,8,10
"2726",5,9,9,10,10,9,8,8,10
"2727",4,5,4,10,10,10,10,6,10
"2728",9,1,10,10,10,10,10,9,10
"2729",8,8,8,10,10,10,9,9,10
"2730",5,8,7,8,10,7,9,7,7
"2731",6,8,9,10,10,8,10,10,10
"2732",5,7,4,10,10,8,8,6,9
"2733",8,9,9,10,10,9,9,9,7
"2734",6,8,6,10,10,10,9,7,9
"2735",0,8,5,7,10,9,10,9,10
"2736",6,7,8,9,9,8,8,6,8
"2737",3,9,3,9,10,10,9,5,10
"2738",8,10,8,9,10,8,8,8,9
"2739",9,7,9,10,10,6,8,8,10
"2740",10,9,10,2,4,0,5,9,0
"2741",6,1,4,0,0,0,5,5,0
"2742",7,5,5,2,1,0,4,8,0
"2743",10,6,6,0,5,0,5,7,0
"2744",6,3,3,0,1,0,4,5,0
"2745",7,3,2,1,2,1,4,5,1
"2746",9,4,4,0,3,0,4,4,0
"2747",7,1,3,0,1,0,5,5,0
"2748",6,4,4,5,2,1,4,8,2
"2749",4,5,5,0,4,10,4,7,0
"2750",8,4,6,0,2,0,3,5,0
"2751",9,7,7,3,3,2,4,8,1
"2752",2,7,6,10,10,10,8,3,10
"2753",5,2,4,0,4,0,5,5,0
"2754",10,5,7,1,0,0,5,7,0
"2755",10,6,8,0,2,0,4,8,1
"2756",10,2,8,0,0,0,7,10,0
"2757",5,6,6,5,4,7,5,5,3
"2758",6,7,6,0,1,0,3,6,0
"2759",9,8,8,8,7,5,7,8,6
"2760",7,7,8,6,7,7,7,7,6
"2761",8,8,8,6,7,3,6,9,6
"2762",9,8,9,6,6,8,6,6,9
"2763",7,6,7,8,7,7,7,9,8
"2764",7,8,5,7,4,5,6,6,5
"2765",6,8,8,9,8,9,7,8,10
"2766",5,9,0,7,10,9,9,10,5
"2767",9,9,8,2,5,8,8,8,7
"2768",8,8,5,8,7,6,6,8,6
"2769",8,7,7,5,6,5,7,7,6
"2770",10,8,6,6,7,7,6,7,5
"2771",10,8,10,10,9,10,8,7,10
"2772",10,8,10,6,6,4,6,9,7
"2773",8,7,10,10,10,10,8,9,10
"2774",7,6,7,8,5,5,7,8,5
"2775",7,9,8,8,7,5,7,9,7
"2776",6,6,3,7,7,4,7,7,7
"2777",7,7,7,6,8,4,7,7,5
"2778",6,4,6,6,5,5,5,5,5
"2779",5,3,5,7,8,8,5,5,10
"2780",4,5,5,4,6,3,5,5,5
"2781",5,4,4,6,1,4,5,8,4
"2782",6,4,5,4,3,5,5,5,6
"2783",7,2,3,2,2,0,3,5,0
"2784",3,7,3,7,6,8,5,5,6
"2785",5,1,7,3,5,2,6,5,2
"2786",5,5,5,4,0,2,5,5,2
"2787",3,2,3,8,4,1,2,2,3
"2788",5,6,5,7,5,7,5,5,5
"2789",3,5,7,5,5,5,5,3,8
"2790",3,7,5,9,8,8,5,4,9
"2791",9,5,8,2,7,8,8,7,8
"2792",3,5,3,3,7,2,4,4,2
"2793",5,4,3,7,2,6,4,2,9
"2794",7,8,7,2,6,10,8,7,9
"2795",3,5,3,5,8,6,5,5,5
"2796",2,4,1,3,1,3,1,1,2
"2797",6,9,4,2,0,0,4,5,3
"2798",5,4,5,4,6,3,5,6,3
"2799",5,8,0,1,7,5,5,5,5
"2800",3,4,2,3,3,1,3,3,2
"2801",1,4,0,1,1,1,2,4,0
"2802",4,4,4,3,3,2,4,4,2
"2803",5,4,2,5,3,2,2,3,3
"2804",0,2,0,2,4,0,2,2,0
"2805",4,4,4,4,4,4,3,4,3
"2806",7,5,5,2,2,2,3,4,2
"2807",3,5,3,3,4,4,4,3,3
"2808",5,6,4,3,3,2,3,4,2
"2809",2,5,3,5,5,2,3,3,3
"2810",4,5,3,2,3,2,3,3,3
"2811",7,1,3,1,2,1,4,3,1
"2812",3,5,2,3,2,2,3,3,2
"2813",3,4,2,6,3,9,3,3,2
"2814",2,1,1,2,1,0,2,3,1
"2815",4,2,6,4,2,2,3,3,3
"2816",1,2,1,4,1,9,2,2,1
"2817",0,2,0,0,0,0,0,0,0
"2818",1,2,1,2,1,1,2,2,1
"2819",1,1,9,3,0,1,0,0,1
"2820",1,1,0,0,0,0,1,1,1
"2821",0,1,0,0,0,0,0,0,0
"2822",0,2,1,1,1,0,2,1,0
"2823",9,1,1,1,2,1,1,1,1
"2824",0,0,0,0,0,0,0,0,0
"2825",5,2,3,3,3,5,3,5,3
"2826",3,0,3,2,2,0,2,3,0
"2827",5,10,8,8,7,9,5,5,8
"2828",0,2,0,1,0,1,1,1,0
"2829",3,5,1,3,2,2,1,2,2
"2830",1,5,0,1,2,1,2,1,1
"2831",1,4,0,0,1,1,2,1,2
"2832",1,2,1,0,0,0,2,1,0
"2833",2,4,1,3,1,1,2,2,1
"2834",0,0,0,3,0,1,1,1,0
"2835",5,8,5,10,10,10,10,6,10
"2836",6,8,6,10,10,10,10,7,10
"2837",4,5,5,10,10,10,10,9,10
"2838",4,7,5,9,9,9,7,5,9
"2839",6,10,6,10,10,8,9,7,9
"2840",4,7,7,10,10,10,9,7,10
"2841",0,7,0,9,10,9,10,9,10
"2842",2,7,7,10,10,10,10,6,10
"2843",5,7,5,10,10,7,8,7,10
"2844",6,9,7,10,9,10,9,7,9
"2845",7,8,6,9,10,2,8,7,9
"2846",4,7,6,9,9,9,9,4,8
"2847",9,9,1,9,10,10,9,1,10
"2848",4,7,4,8,10,4,9,4,7
"2849",5,9,5,10,10,8,9,5,10
"2850",7,9,9,10,10,6,8,8,9
"2851",10,10,10,10,10,10,10,10,10
"2852",5,6,5,10,10,10,8,3,9
"2853",7,10,10,10,10,10,10,10,10
"2854",1,4,7,5,7,5,5,2,5
"2855",4,2,1,3,6,3,4,3,3
"2856",1,9,0,3,4,4,5,3,5
"2857",4,3,3,5,8,4,5,4,6
"2858",2,0,0,4,7,4,5,3,6
"2859",2,1,1,6,6,1,4,3,5
"2860",3,0,0,6,7,4,4,2,2
"2861",10,0,0,10,8,1,3,1,5
"2862",0,2,0,2,5,1,1,1,1
"2863",5,2,3,2,8,0,5,5,0
"2864",3,3,3,6,7,6,5,4,5
"2865",3,4,1,6,7,7,5,5,4
"2866",5,4,0,0,7,0,5,5,0
"2867",3,4,4,4,7,3,7,6,5
"2868",0,0,0,8,6,5,5,0,5
"2869",4,4,3,4,8,4,6,4,4
"2870",3,1,7,5,5,4,4,2,5
"2871",2,2,0,5,5,2,4,3,3
"2872",4,3,3,3,6,1,5,5,2
"2873",5,5,4,6,3,4,6,5,6
"2874",5,5,3,5,5,3,6,6,6
"2875",5,4,4,4,3,2,5,5,3
"2876",5,3,4,3,5,0,4,4,3
"2877",2,6,7,5,5,0,5,5,4
"2878",7,4,6,4,3,2,6,6,4
"2879",4,4,4,5,3,2,4,4,4
"2880",6,5,3,5,5,0,4,4,4
"2881",6,3,3,7,7,5,8,8,8
"2882",6,5,6,8,6,6,8,6,8
"2883",8,5,1,2,2,0,1,1,3
"2884",2,1,2,3,1,2,2,2,2
"2885",3,5,6,2,6,2,5,7,4
"2886",3,5,4,6,6,5,4,4,6
"2887",7,4,5,7,4,7,5,8,2
"2888",4,10,0,0,10,0,7,7,1
"2889",7,9,0,0,7,0,5,5,3
"2890",7,10,6,1,10,0,9,9,1
"2891",5,9,2,2,2,1,5,5,1
"2892",6,8,8,1,5,1,6,5,2
"2893",5,6,5,3,3,3,6,6,4
"2894",7,4,5,7,7,5,6,8,7
"2895",5,7,3,4,7,2,7,6,4
"2896",5,6,5,5,5,5,6,6,6
"2897",5,1,0,10,10,8,6,5,9
"2898",8,9,0,5,9,5,7,6,7
"2899",6,6,4,6,10,2,6,9,5
"2900",4,5,8,7,5,6,5,5,8
"2901",4,5,5,5,7,6,7,6,8
"2902",8,6,6,9,8,5,7,7,7
"2903",4,6,5,7,7,7,7,6,8
"2904",6,7,5,7,8,6,7,7,6
"2905",6,5,6,7,7,6,7,6,7
"2906",7,7,7,8,7,5,7,7,5
"2907",3,7,6,6,7,3,6,6,7
"2908",5,8,6,7,4,8,7,8,8
"2909",6,6,6,7,8,5,7,6,7
"2910",5,6,5,6,5,6,6,6,8
"2911",8,7,7,8,8,6,7,7,7
"2912",6,9,5,8,8,10,8,8,8
"2913",6,6,8,6,3,2,6,7,7
"2914",5,6,3,3,5,5,3,4,2
"2915",4,3,3,4,4,1,3,3,1
"2916",3,3,2,2,4,3,4,4,4
"2917",2,5,3,7,4,8,4,4,2
"2918",3,3,3,4,2,1,3,3,1
"2919",2,3,2,6,7,3,4,3,4
"2920",4,4,3,4,6,3,4,4,3
"2921",3,4,3,4,4,2,3,3,3
"2922",6,6,4,4,5,3,5,5,4
"2923",2,6,3,4,3,4,3,3,6
"2924",2,4,3,3,5,2,4,4,3
"2925",3,5,3,4,3,4,4,4,5
"2926",3,3,2,5,3,2,3,3,2
"2927",8,7,8,8,8,3,8,9,6
"2928",10,8,9,10,9,2,8,9,5
"2929",8,7,8,9,8,5,6,7,6
"2930",10,9,9,9,9,3,8,9,6
"2931",7,7,8,8,8,6,8,8,6
"2932",7,8,9,8,8,8,8,8,6
"2933",8,7,8,8,8,3,8,9,4
"2934",9,9,9,8,6,3,8,10,3
"2935",8,8,8,8,7,1,8,8,1
"2936",8,9,8,7,8,7,7,7,4
"2937",6,9,7,0,9,3,8,8,7
"2938",6,4,7,5,7,3,7,7,5
"2939",8,8,8,6,8,8,7,7,6
"2940",9,3,6,7,5,2,5,7,2
"2941",8,8,7,2,4,1,6,6,2
"2942",7,2,6,8,3,9,5,4,0
"2943",5,3,5,2,4,1,5,6,4
"2944",6,4,5,2,2,1,5,7,1
"2945",6,4,7,0,2,0,5,7,1
"2946",6,3,6,1,1,0,5,6,0
"2947",6,6,7,4,5,1,5,6,1
"2948",7,4,7,2,2,1,6,7,0
"2949",8,5,8,4,2,1,6,8,1
"2950",6,3,4,2,3,0,5,5,0
"2951",3,2,4,2,3,2,5,5,2
"2952",4,7,4,4,3,3,4,7,4
"2953",2,1,2,0,0,0,2,2,0
"2954",2,0,1,1,0,1,2,1,0
"2955",3,0,2,2,3,1,3,3,2
"2956",4,1,4,1,2,1,2,3,1
"2957",2,0,1,3,1,1,2,2,0
"2958",3,1,3,1,2,0,2,2,0
"2959",2,1,2,1,1,0,2,2,0
"2960",2,2,2,6,4,2,3,2,2
"2961",4,3,2,8,2,2,2,3,1
"2962",2,1,3,2,1,1,2,2,1
"2963",8,1,2,8,2,9,3,3,1
"2964",3,9,2,3,2,2,2,3,3
"2965",2,0,2,0,1,1,3,3,0
"2966",9,9,8,8,8,10,10,8,10
"2967",8,8,9,9,9,10,9,8,10
"2968",9,9,9,7,9,9,8,8,10
"2969",6,10,6,9,9,10,8,6,10
"2970",7,9,5,10,10,9,10,8,10
"2971",6,7,6,7,8,10,8,7,10
"2972",6,8,6,8,9,9,9,7,10
"2973",5,3,7,6,5,9,8,5,9
"2974",9,7,8,9,8,9,9,8,10
"2975",8,8,8,9,8,10,8,8,10
"2976",7,5,7,10,7,10,8,8,10
"2977",5,5,6,8,6,10,8,5,10
"2978",6,7,6,4,8,2,8,8,10
"2979",1,5,2,7,8,5,2,1,7
"2980",0,5,0,4,6,3,1,0,5
"2981",1,3,1,4,5,3,1,1,4
"2982",1,2,1,2,3,1,1,1,2
"2983",0,7,0,5,6,6,2,2,7
"2984",1,5,2,4,5,3,2,3,6
"2985",2,5,1,5,6,4,1,1,4
"2986",0,3,0,5,4,1,1,1,2
"2987",1,7,1,5,8,4,1,1,6
"2988",0,5,0,4,5,4,2,2,5
"2989",2,3,1,5,6,3,2,2,5
"2990",1,3,0,4,4,2,1,1,1
"2991",4,7,0,2,2,2,1,2,2
"2992",4,4,6,4,7,4,5,5,8
"2993",3,3,3,5,3,6,4,3,8
"2994",4,6,4,5,3,5,5,4,8
"2995",4,8,4,6,6,9,6,5,9
"2996",4,5,3,6,3,6,4,4,5
"2997",4,5,4,7,8,6,5,5,7
"2998",4,4,5,5,5,8,5,5,10
"2999",1,9,2,8,6,9,7,4,9
"3000",4,3,4,5,5,7,5,5,9
"3001",5,4,4,4,4,7,4,4,9
"3002",4,2,4,6,2,7,5,4,8
"3003",2,4,4,4,3,3,5,4,8
"3004",4,3,4,6,3,8,6,4,8
"3005",8,9,9,10,10,7,9,8,8
"3006",5,9,5,9,10,6,9,5,8
"3007",7,10,8,10,10,2,10,7,3
"3008",10,10,10,10,10,9,10,10,10
"3009",5,10,5,9,10,8,10,7,9
"3010",7,10,4,9,10,7,9,5,8
"3011",6,8,5,8,10,3,10,9,2
"3012",5,10,6,10,10,4,10,6,6
"3013",4,10,7,10,10,5,9,7,10
"3014",3,9,3,7,10,1,4,4,7
"3015",4,10,5,10,10,4,9,6,5
"3016",7,2,4,8,9,8,9,5,9
"3017",6,10,4,9,10,8,5,5,9
"3018",3,0,3,3,3,2,3,2,1
"3019",2,0,3,2,3,2,2,2,2
"3020",2,0,5,0,4,0,0,10,1
"3021",1,0,2,3,2,2,3,4,1
"3022",1,0,2,0,2,0,2,2,0
"3023",1,0,1,3,5,7,3,3,10
"3024",5,1,5,4,7,6,4,5,8
"3025",1,2,2,2,2,1,1,2,1
"3026",3,0,4,5,1,3,3,3,3
"3027",3,0,3,3,3,3,4,4,4
"3028",0,0,3,3,3,1,0,0,3
"3029",1,1,2,1,2,0,3,3,1
"3030",3,9,3,4,3,3,3,2,3
"3031",8,5,2,3,6,1,5,5,3
"3032",4,3,6,7,5,6,5,6,6
"3033",3,3,4,7,5,4,5,4,7
"3034",3,6,4,6,3,5,4,4,5
"3035",3,7,3,4,7,8,6,3,8
"3036",0,5,3,4,5,3,5,4,5
"3037",4,7,3,8,7,6,4,4,7
"3038",7,7,7,8,8,8,8,8,7
"3039",5,6,4,8,6,7,4,4,10
"3040",4,5,4,9,10,0,5,4,3
"3041",5,5,5,6,6,1,5,4,0
"3042",5,5,5,6,5,4,5,4,5
"3043",3,5,3,7,4,6,5,4,8
"3044",8,10,7,7,9,9,8,7,6
"3045",1,1,2,2,1,1,1,2,2
"3046",5,5,4,7,3,5,5,6,6
"3047",3,5,3,4,0,7,3,3,8
"3048",3,8,3,2,0,7,4,3,8
"3049",4,8,1,7,8,8,5,4,10
"3050",5,6,4,1,3,2,4,4,7
"3051",3,5,3,1,3,0,7,3,10
"3052",3,2,2,5,0,9,6,2,9
"3053",5,1,7,1,2,8,4,4,7
"3054",3,3,3,2,1,5,4,3,5
"3055",3,3,3,7,4,7,5,4,8
"3056",4,5,4,0,1,5,4,4,6
"3057",10,10,10,10,10,3,10,10,4
"3058",6,10,7,8,10,7,9,8,8
"3059",9,10,9,9,10,8,10,8,9
"3060",9,10,8,10,10,9,9,9,10
"3061",10,10,10,9,10,0,10,10,10
"3062",7,1,7,8,9,5,9,9,7
"3063",10,10,10,10,10,8,10,10,10
"3064",9,10,9,10,10,5,10,10,7
"3065",8,10,10,9,10,10,8,8,10
"3066",8,10,8,10,10,8,9,8,10
"3067",3,10,5,9,10,10,10,8,10
"3068",10,10,8,8,10,9,10,10,5
"3069",7,10,8,9,10,8,10,9,9
"3070",4,5,4,6,5,0,4,4,4
"3071",2,5,2,2,5,0,2,3,2
"3072",3,6,1,5,7,2,4,4,3
"3073",6,5,3,4,4,2,4,4,3
"3074",3,7,2,6,7,3,3,3,2
"3075",2,5,3,7,6,3,4,4,5
"3076",3,7,4,4,4,2,4,3,3
"3077",2,6,3,6,6,1,3,3,3
"3078",3,3,2,7,3,7,3,3,4
"3079",2,4,2,2,4,2,3,3,3
"3080",7,9,6,6,10,3,8,7,6
"3081",9,10,9,9,10,8,9,8,7
"3082",5,9,7,9,10,7,7,8,8
"3083",6,9,7,9,10,5,8,8,8
"3084",10,10,9,10,10,9,10,9,9
"3085",7,10,5,8,8,6,9,8,5
"3086",10,10,7,4,10,2,10,10,3
"3087",2,9,2,10,10,6,6,6,8
"3088",6,2,5,10,10,7,9,7,8
"3089",8,9,7,8,9,4,8,8,6
"3090",7,6,6,3,5,3,6,7,5
"3091",7,6,6,6,7,0,6,8,6
"3092",6,3,6,6,5,4,8,9,4
"3093",6,7,6,7,8,5,7,7,6
"3094",7,8,7,6,8,6,7,8,6
"3095",6,7,6,6,6,4,7,7,6
"3096",5,7,5,5,8,1,5,6,4
"3097",8,8,8,9,9,7,9,8,8
"3098",5,6,6,6,6,4,6,6,4
"3099",9,4,7,8,7,1,6,7,5
"3100",0,8,1,3,5,0,2,1,3
"3101",2,3,2,0,1,0,2,2,1
"3102",2,5,0,6,3,3,1,2,1
"3103",0,1,0,2,1,0,2,1,0
"3104",1,1,1,0,4,0,1,2,0
"3105",0,1,1,8,1,10,1,0,1
"3106",1,2,0,1,3,0,2,2,1
"3107",1,2,2,2,2,1,2,2,1
"3108",1,2,2,1,2,2,2,2,2
"3109",2,3,1,2,3,1,2,1,1
"3110",3,2,5,5,5,6,4,4,5
"3111",2,7,4,8,9,5,5,5,8
"3112",2,9,6,8,8,7,5,4,8
"3113",4,5,4,4,5,5,5,5,6
"3114",4,3,5,4,4,2,6,6,4
"3115",0,3,0,8,7,1,3,2,8
"3116",6,3,4,8,8,6,7,6,8
"3117",3,9,4,6,6,6,5,4,6
"3118",3,6,5,6,7,6,5,5,7
"3119",4,7,2,3,7,2,3,4,6
"3120",4,5,2,5,3,8,7,6,8
"3121",3,3,4,6,2,8,5,4,9
"3122",1,2,2,3,1,0,6,6,9
"3123",4,5,5,4,4,7,6,5,8
"3124",4,2,2,2,4,3,3,4,5
"3125",5,5,4,5,4,6,6,5,9
"3126",5,5,5,5,2,8,5,5,6
"3127",3,5,4,5,4,7,6,6,7
"3128",5,3,4,5,3,6,6,4,10
"3129",5,6,5,6,6,6,6,5,7
"3130",8,8,8,1,3,0,6,7,2
"3131",6,2,6,1,1,0,7,7,1
"3132",6,4,6,3,6,2,6,6,3
"3133",6,2,4,0,1,0,5,7,1
"3134",7,3,6,2,3,1,7,7,1
"3135",8,5,3,1,2,1,6,7,1
"3136",7,3,5,5,5,7,6,6,0
"3137",6,4,6,2,3,2,6,7,4
"3138",5,2,3,0,4,10,4,5,0
"3139",6,4,6,3,4,2,6,7,5
"3140",4,1,5,4,4,3,4,3,2
"3141",5,0,5,5,5,6,5,5,1
"3142",3,9,4,2,3,1,3,3,2
"3143",5,0,4,4,4,3,3,5,3
"3144",4,0,2,0,4,0,2,4,0
"3145",2,0,1,1,2,1,4,3,5
"3146",2,1,4,1,1,0,3,4,1
"3147",0,0,0,1,3,0,5,2,0
"3148",6,10,5,2,3,0,5,5,2
"3149",3,0,4,3,5,2,4,5,3
"3150",0,5,0,2,1,1,1,1,2
"3151",0,7,0,2,0,1,1,0,3
"3152",0,7,0,2,2,1,0,0,1
"3153",0,4,0,4,3,2,0,0,3
"3154",1,2,1,3,2,2,1,1,1
"3155",0,1,1,6,1,9,0,0,1
"3156",0,3,0,2,1,0,0,0,1
"3157",1,2,1,2,2,2,2,1,2
"3158",0,3,0,0,3,0,0,1,0
"3159",0,0,0,0,0,0,0,0,0
"3160",0,5,0,5,2,5,0,0,6
"3161",2,8,1,8,2,4,1,1,7
"3162",0,5,0,5,4,8,1,0,8
"3163",2,2,2,3,3,3,2,2,4
"3164",0,3,0,1,0,1,0,0,1
"3165",0,1,3,0,2,4,1,1,2
"3166",1,3,1,3,3,2,2,1,3
"3167",0,1,0,9,3,8,0,0,10
"3168",7,3,6,8,7,7,8,8,8
"3169",10,4,8,9,8,10,9,9,10
"3170",9,5,4,4,10,8,9,9,10
"3171",8,8,8,8,2,8,8,8,7
"3172",7,8,7,8,5,6,8,8,8
"3173",9,6,7,8,7,9,8,8,9
"3174",7,7,6,7,7,8,8,8,9
"3175",9,9,10,9,10,10,10,10,10
"3176",5,3,5,6,6,5,5,6,7
"3177",3,4,5,4,4,1,4,4,4
"3178",5,5,4,4,4,4,4,4,4
"3179",5,5,4,5,5,1,4,4,3
"3180",4,8,4,8,2,3,4,4,5
"3181",6,3,2,2,6,5,4,3,5
"3182",5,5,3,4,2,2,3,3,3
"3183",4,2,4,3,2,2,5,4,4
"3184",7,4,2,3,7,6,5,5,5
"3185",5,5,6,5,6,7,6,7,8
"3186",7,4,6,7,7,6,7,7,8
"3187",5,3,6,6,5,6,6,5,8
"3188",7,6,6,7,5,7,7,7,8
"3189",6,8,7,8,2,7,6,6,5
"3190",9,9,10,9,7,9,7,7,9
"3191",8,7,8,7,4,4,7,8,5
"3192",4,3,4,5,4,3,3,5,4
"3193",1,0,0,0,2,0,2,1,0
"3194",1,4,0,4,1,1,0,0,1
"3195",1,2,2,1,2,1,1,1,1
"3196",1,1,3,0,1,1,0,0,1
"3197",4,8,3,8,2,3,0,0,6
"3198",1,2,1,2,0,1,1,1,1
"3199",0,1,0,0,0,0,0,0,0
"3200",2,2,2,3,3,3,2,3,4
"3201",0,1,0,9,10,8,0,0,10
"3202",0,2,0,1,0,1,0,0,2
"3203",1,3,1,2,3,2,2,1,3
"3204",4,8,4,8,2,3,1,1,6
"3205",0,5,0,5,2,5,0,0,6
"3206",0,4,0,5,4,8,1,0,8
"3207",0,1,3,0,2,5,1,1,2
"3208",0,2,0,5,2,5,0,0,4
"3209",0,0,0,9,3,8,0,0,10
"3210",2,1,1,3,3,2,2,2,2
"3211",4,8,2,8,2,3,1,1,6
"3212",0,1,3,0,2,3,1,1,2
"3213",5,4,0,9,10,10,9,4,10
"3214",3,2,3,5,3,3,4,5,5
"3215",0,1,0,1,0,1,0,0,0
"3216",3,0,3,4,3,3,5,2,2
"3217",2,1,2,0,3,2,0,1,1
"3218",5,2,4,3,2,2,5,5,3
"3219",2,1,2,3,5,3,3,3,2
"3220",5,0,3,5,2,5,5,5,4
"3221",4,8,4,8,2,3,1,3,5
"3222",3,2,3,4,4,4,5,6,5
"3223",6,9,7,9,10,9,9,7,10
"3224",4,5,4,5,5,4,4,4,3
"3225",4,2,2,1,3,1,4,4,2
"3226",5,3,1,1,2,8,2,4,1
"3227",2,3,3,3,4,1,4,4,2
"3228",4,2,4,3,4,2,4,4,3
"3229",4,3,3,1,5,0,4,4,2
"3230",3,4,3,4,4,2,4,4,2
"3231",3,1,1,2,4,1,3,3,2
"3232",0,3,2,2,6,1,3,3,7
"3233",3,2,0,5,1,1,4,3,1
"3234",4,4,7,3,4,2,3,3,3
"3235",4,7,4,4,4,4,4,4,2
"3236",2,10,0,0,4,0,3,5,5
"3237",5,5,4,6,4,2,4,4,6
"3238",3,3,4,3,5,1,4,4,3
"3239",7,7,7,7,7,6,8,8,7
"3240",8,7,3,8,7,8,8,8,7
"3241",6,7,7,7,7,8,8,8,8
"3242",10,8,8,10,9,0,9,9,10
"3243",7,8,6,7,5,5,8,8,6
"3244",7,7,7,9,7,8,7,7,10
"3245",7,8,7,8,7,7,8,7,7
"3246",6,7,8,9,8,8,8,9,9
"3247",6,6,7,7,7,5,8,8,8
"3248",7,7,7,8,7,8,8,7,7
"3249",6,8,8,9,9,8,8,8,10
"3250",9,9,9,9,9,9,8,8,8
"3251",9,7,8,7,8,7,8,8,7
"3252",9,9,7,9,9,7,9,8,8
"3253",10,5,10,10,8,10,8,8,8
"3254",3,3,3,3,4,2,2,2,3
"3255",0,3,0,1,2,2,2,2,4
"3256",1,3,1,2,2,2,2,1,3
"3257",1,2,3,2,5,2,3,3,5
"3258",0,4,0,1,1,1,2,1,2
"3259",0,0,0,0,1,10,1,2,0
"3260",2,4,1,5,4,2,2,2,1
"3261",0,10,0,0,0,0,1,2,1
"3262",1,3,2,3,3,1,2,2,2
"3263",0,3,1,1,3,0,2,2,2
"3264",1,1,0,2,3,1,1,1,5
"3265",1,5,1,2,3,2,2,2,1
"3266",2,1,1,0,2,0,2,2,0
"3267",0,4,0,1,3,1,2,1,2
"3268",2,2,8,2,2,1,2,2,2
"3269",5,5,5,7,7,6,5,6,6
"3270",5,2,4,2,4,2,6,5,6
"3271",4,5,5,4,5,4,6,5,5
"3272",2,6,5,4,6,4,7,6,7
"3273",5,4,6,4,5,3,6,6,5
"3274",5,5,6,5,6,1,7,7,6
"3275",6,4,6,5,3,3,5,5,4
"3276",5,7,8,6,7,5,8,7,7
"3277",5,5,5,5,5,5,5,5,5
"3278",5,6,6,4,6,5,7,6,7
"3279",7,6,7,7,7,3,7,8,7
"3280",5,5,4,5,5,5,5,5,3
"3281",5,5,5,5,5,4,5,5,5
"3282",4,4,3,6,5,5,6,6,6
"3283",5,9,5,5,5,7,5,5,6
"3284",3,3,2,2,3,0,1,2,1
"3285",5,7,5,5,5,0,3,5,2
"3286",3,4,4,2,3,1,4,4,3
"3287",5,3,2,2,4,2,4,4,5
"3288",2,2,1,4,1,0,4,4,2
"3289",4,4,4,5,3,3,3,3,4
"3290",3,4,5,4,4,2,4,4,3
"3291",4,4,3,4,4,4,3,3,1
"3292",3,0,3,4,4,1,4,3,3
"3293",3,5,4,4,5,4,3,4,5
"3294",3,3,3,3,4,1,4,4,2
"3295",3,6,3,4,4,3,4,4,3
"3296",2,2,1,1,2,10,1,1,0
"3297",4,4,4,3,3,2,3,4,4
"3298",5,4,1,1,3,2,3,2,5
"3299",5,3,2,2,3,2,2,3,5
"3300",2,2,1,1,2,10,1,1,0
"3301",2,5,2,4,5,5,4,3,7
"3302",3,5,2,4,5,3,3,2,3
"3303",8,6,6,8,6,6,6,6,6
"3304",3,2,3,2,4,2,3,3,3
"3305",3,4,2,2,4,0,2,3,2
"3306",4,4,3,4,4,3,4,4,4
"3307",3,3,3,3,3,2,3,3,4
"3308",2,2,2,4,1,1,3,3,2
"3309",3,1,3,4,3,5,3,3,2
"3310",4,4,3,4,5,4,4,4,2
"3311",3,4,4,7,2,5,5,4,5
"3312",5,7,5,5,5,0,3,2,2
"3313",3,5,4,4,5,2,2,3,4
"3314",7,6,8,7,7,2,7,7,7
"3315",6,5,5,8,10,7,6,6,6
"3316",6,5,6,6,4,5,6,6,0
"3317",6,6,7,7,7,6,7,7,6
"3318",5,4,3,6,6,4,6,6,5
"3319",5,6,6,6,7,5,7,6,8
"3320",6,4,6,6,6,5,6,6,6
"3321",8,6,4,3,6,4,8,8,7
"3322",7,7,8,8,7,5,8,7,7
"3323",6,5,6,6,7,2,7,7,7
"3324",7,1,7,7,4,7,8,8,6
"3325",6,6,6,5,7,4,6,6,6
"3326",7,0,5,8,7,9,8,6,7
"3327",5,5,6,7,7,6,6,5,5
"3328",5,5,3,6,5,5,6,6,5
"3329",2,3,2,1,3,1,2,1,4
"3330",4,2,2,2,0,0,2,2,1
"3331",2,2,1,0,5,4,1,2,3
"3332",3,3,2,1,4,1,1,1,0
"3333",0,0,0,0,1,10,0,1,0
"3334",2,2,3,3,1,0,2,2,1
"3335",3,6,5,2,0,0,0,1,1
"3336",0,1,0,1,2,2,2,1,3
"3337",3,3,3,3,2,1,2,2,1
"3338",0,2,1,2,2,1,1,1,1
"3339",2,2,2,3,4,1,2,2,2
"3340",2,1,0,1,3,0,1,1,1
"3341",1,3,1,3,2,1,1,2,3
"3342",0,4,3,3,2,2,1,1,4
"3343",1,1,2,1,3,1,1,2,1
"3344",0,0,0,0,1,10,1,1,0
"3345",2,1,2,2,2,1,2,2,2
"3346",1,1,2,2,2,1,2,2,3
"3347",2,2,1,1,4,1,3,2,4
"3348",2,2,9,1,1,1,1,2,1
"3349",2,2,1,2,2,1,1,3,1
"3350",2,3,2,2,2,1,2,2,2
"3351",1,2,2,1,2,0,2,2,1
"3352",0,10,0,0,0,0,1,2,3
"3353",1,1,1,0,2,0,1,1,0
"3354",1,2,0,1,2,1,2,2,2
"3355",3,2,2,3,2,0,4,4,0
"3356",0,1,0,0,0,0,2,2,0
"3357",1,3,1,1,2,1,2,2,0
"3358",0,2,2,2,2,1,3,3,1
"3359",7,6,6,6,6,5,7,6,6
"3360",7,6,6,8,7,8,7,8,9
"3361",6,7,7,8,8,6,7,8,8
"3362",8,7,6,6,7,3,7,7,4
"3363",10,9,7,5,7,5,8,7,4
"3364",7,5,8,5,8,4,7,7,4
"3365",8,2,4,5,6,4,8,8,5
"3366",9,7,9,10,8,2,8,7,8
"3367",7,6,6,7,6,5,7,6,5
"3368",8,5,4,8,4,4,7,8,3
"3369",10,7,9,9,8,0,6,9,1
"3370",6,6,6,5,6,4,7,7,6
"3371",7,8,8,7,7,9,8,8,10
"3372",10,9,5,3,3,2,8,8,5
"3373",8,6,7,7,5,1,6,7,4
"3374",8,8,9,9,10,9,10,9,10
"3375",10,10,10,10,10,10,10,10,10
"3376",8,9,9,10,9,10,9,9,9
"3377",8,8,2,10,9,10,10,9,9
"3378",9,9,9,9,10,9,10,10,9
"3379",8,9,7,9,9,9,9,9,9
"3380",8,9,9,10,10,9,10,10,10
"3381",10,10,10,10,10,10,10,10,10
"3382",8,10,9,10,10,10,10,9,10
"3383",8,10,6,10,10,9,9,9,9
"3384",10,10,8,10,10,10,9,9,10
"3385",5,10,9,10,10,10,10,9,10
"3386",10,10,10,10,10,0,10,9,10
"3387",9,10,9,10,10,10,9,9,10
"3388",8,0,9,10,10,10,10,10,10
"3389",6,6,6,5,5,6,6,6,6
"3390",5,6,6,8,6,4,7,7,7
"3391",4,6,4,5,5,4,7,6,5
"3392",5,5,5,5,4,4,4,4,5
"3393",8,6,6,8,6,2,7,8,7
"3394",7,7,7,7,6,7,7,7,6
"3395",5,4,4,1,5,4,8,9,5
"3396",6,6,5,3,5,6,6,7,5
"3397",4,4,6,5,5,3,5,5,6
"3398",7,5,6,6,7,3,6,6,3
"3399",10,10,8,6,5,6,8,9,8
"3400",8,8,9,7,6,7,7,7,7
"3401",7,6,8,6,5,4,8,8,5
"3402",5,8,6,7,6,7,8,7,7
"3403",5,6,7,3,6,5,6,7,6
"3404",5,5,4,4,2,7,4,6,4
"3405",0,10,0,0,0,0,2,2,3
"3406",3,2,2,2,3,1,2,2,1
"3407",2,1,3,2,3,2,3,3,1
"3408",1,2,2,1,3,1,2,2,3
"3409",2,2,7,4,2,0,2,2,2
"3410",4,3,2,3,4,1,3,4,2
"3411",3,0,3,2,2,1,3,3,1
"3412",0,0,0,0,1,10,1,1,0
"3413",2,1,2,1,2,0,3,2,1
"3414",1,1,2,2,4,1,3,3,2
"3415",3,2,3,2,2,1,3,3,2
"3416",2,0,0,0,0,0,3,2,0
"3417",3,1,4,4,4,1,4,4,1
"3418",2,1,1,1,2,2,3,3,2
"3419",0,1,0,3,3,0,1,1,1
"3420",3,0,0,1,3,0,2,1,0
"3421",1,2,2,3,3,1,1,2,2
"3422",2,3,2,5,3,1,2,2,3
"3423",2,3,1,2,2,1,2,2,3
"3424",1,1,0,3,1,1,2,1,3
"3425",1,0,0,2,0,0,1,1,0
"3426",0,0,0,0,0,0,1,1,0
"3427",1,2,0,3,2,0,2,3,5
"3428",0,0,0,0,0,0,3,5,5
"3429",1,3,1,3,2,1,3,3,1
"3430",1,2,1,2,2,1,1,1,2
"3431",0,3,0,0,0,0,2,0,3
"3432",1,2,0,1,1,0,1,1,0
"3433",2,2,0,2,1,0,2,2,3
"3434",2,3,1,3,3,1,2,2,2
"3435",0,0,0,0,0,0,1,2,0
"3436",5,2,2,4,6,0,3,3,0
"3437",2,6,2,6,8,4,4,3,3
"3438",2,6,4,7,7,2,4,5,4
"3439",2,5,4,10,5,0,4,4,3
"3440",5,5,0,5,9,0,5,5,5
"3441",5,5,4,6,7,3,5,4,3
"3442",2,4,2,3,4,4,4,4,6
"3443",4,3,4,5,6,2,4,4,6
"3444",3,4,2,7,5,1,3,3,5
"3445",4,6,3,6,6,3,4,4,6
"3446",4,4,3,6,6,2,3,4,5
"3447",2,6,3,6,7,0,4,3,5
"3448",4,5,4,6,6,2,4,5,3
"3449",1,4,2,5,7,0,4,4,5
"3450",2,5,3,5,5,2,4,5,5
"3451",6,6,4,6,7,4,3,6,6
"3452",5,5,3,7,6,0,4,4,5
"3453",7,4,8,4,3,0,7,9,4
"3454",6,1,7,3,0,0,6,6,0
"3455",8,5,8,7,6,0,6,8,4
"3456",6,5,5,6,3,2,7,7,7
"3457",6,4,5,4,4,2,6,7,3
"3458",6,5,6,5,2,2,6,7,1
"3459",8,6,6,5,3,1,6,8,2
"3460",7,3,8,6,3,0,7,8,3
"3461",10,3,8,6,0,0,9,9,0
"3462",10,2,8,4,0,0,8,9,1
"3463",8,1,8,2,1,0,7,10,1
"3464",9,4,7,4,3,2,8,9,1
"3465",6,6,5,5,0,0,6,8,4
"3466",6,5,6,4,2,3,7,8,2
"3467",3,4,5,8,0,0,7,7,0
"3468",10,6,8,2,1,0,7,9,0
"3469",7,2,6,4,2,1,6,7,5
"3470",7,5,6,6,4,0,7,8,4
"3471",8,6,8,7,7,0,7,7,5
"3472",6,6,5,10,9,0,5,5,5
"3473",7,2,7,3,3,0,6,6,0
"3474",5,8,7,4,5,2,6,6,7
"3475",8,5,7,7,1,0,6,8,3
"3476",7,6,8,9,4,0,7,8,4
"3477",8,4,8,5,2,0,7,9,0
"3478",6,5,6,6,5,2,6,7,3
"3479",6,4,5,5,5,2,6,7,4
"3480",7,5,5,4,5,3,7,7,2
"3481",9,8,7,6,7,2,7,8,4
"3482",5,5,5,10,5,0,7,7,0
"3483",7,6,5,6,4,2,7,7,7
"3484",8,4,5,8,5,1,7,6,2
"3485",7,7,5,7,4,1,6,7,3
"3486",6,6,6,4,2,2,7,8,2
"3487",8,7,8,9,9,1,8,8,7
"3488",9,5,8,7,5,1,8,8,5
"3489",9,9,8,10,10,6,8,8,7
"3490",5,5,6,10,10,10,8,9,9
"3491",7,7,6,8,7,2,8,7,6
"3492",8,7,8,8,7,6,7,8,7
"3493",9,7,10,10,7,0,9,8,6
"3494",9,8,7,8,8,6,7,8,7
"3495",6,5,6,8,9,3,7,7,6
"3496",7,2,8,7,7,2,8,7,0
"3497",7,7,6,8,9,4,8,8,8
"3498",6,7,6,7,7,5,7,7,5
"3499",8,6,7,9,8,2,7,6,1
"3500",8,8,7,8,5,3,8,8,8
"3501",8,8,8,10,9,0,9,10,8
"3502",9,6,8,10,9,4,8,8,5
"3503",6,6,5,10,10,0,6,6,6
"3504",7,5,6,8,9,7,7,7,8
"3505",7,5,6,8,6,6,8,7,6
"3506",6,5,6,7,5,7,6,6,8
"3507",5,5,6,10,10,5,8,9,9
"3508",5,8,7,7,8,8,8,9,8
"3509",6,6,5,10,10,0,6,6,6
"3510",6,6,6,6,7,6,8,7,6
"3511",8,7,7,8,5,4,8,6,8
"3512",8,7,8,9,9,7,9,7,9
"3513",8,7,6,9,7,3,9,7,7
"3514",6,2,7,7,7,5,8,7,5
"3515",8,8,8,10,9,3,9,9,9
"3516",6,5,6,8,9,4,7,7,7
"3517",8,7,6,8,9,7,8,8,8
"3518",7,7,6,8,7,3,8,7,7
"3519",6,7,5,8,9,6,8,7,8
"3520",8,7,9,9,7,6,8,7,1
"3521",4,0,3,3,2,1,3,4,2
"3522",5,0,0,0,0,0,4,4,4
"3523",5,1,4,2,3,1,3,4,3
"3524",4,0,3,1,0,0,4,4,0
"3525",3,0,4,1,1,0,2,3,0
"3526",3,0,3,1,0,0,2,4,0
"3527",5,1,4,2,0,0,4,4,2
"3528",4,0,4,3,3,0,3,3,1
"3529",3,2,4,3,4,1,4,4,2
"3530",3,0,4,0,0,0,4,5,0
"3531",2,1,3,3,2,1,3,5,2
"3532",7,0,3,1,0,0,2,3,4
"3533",3,1,2,2,1,1,3,3,4
"3534",5,1,3,4,2,1,4,5,2
"3535",3,0,2,0,3,0,4,5,0
"3536",0,0,0,0,0,0,3,3,0
"3537",5,3,4,3,2,1,4,4,1
"3538",5,8,5,9,9,10,6,5,8
"3539",5,7,6,10,10,5,9,5,9
"3540",4,8,6,9,8,9,9,2,9
"3541",2,9,6,9,10,8,9,9,9
"3542",4,7,4,10,10,5,8,6,7
"3543",4,10,4,10,10,7,10,7,10
"3544",4,7,5,10,10,8,6,6,10
"3545",5,9,5,10,10,7,10,5,10
"3546",6,7,5,9,9,7,8,6,9
"3547",4,5,5,8,10,7,10,5,8
"3548",7,7,7,9,10,8,10,7,9
"3549",4,7,5,9,10,4,7,6,8
"3550",5,7,4,10,10,8,9,5,9
"3551",5,10,0,10,10,10,10,1,5
"3552",5,10,5,10,10,10,6,6,10
"3553",7,9,4,10,10,3,8,7,10
"3554",6,8,4,9,10,8,9,7,9
"3555",9,8,9,9,10,8,8,8,9
"3556",7,10,8,10,10,9,9,9,10
"3557",7,10,8,10,10,10,9,8,10
"3558",7,9,9,9,10,9,9,9,10
"3559",7,9,7,10,10,8,10,7,10
"3560",8,10,9,10,10,10,9,9,10
"3561",8,9,8,8,10,7,8,8,9
"3562",9,9,8,8,10,7,9,8,9
"3563",8,1,8,8,9,7,8,9,9
"3564",6,6,6,8,9,9,9,7,9
"3565",6,8,8,9,10,8,8,8,8
"3566",1,3,1,1,2,0,1,2,1
"3567",1,9,1,2,1,1,1,1,2
"3568",1,3,1,3,4,1,2,2,2
"3569",0,1,1,1,0,0,1,1,1
"3570",1,2,1,5,2,1,1,1,1
"3571",2,3,1,1,2,0,2,2,3
"3572",0,1,0,1,1,0,1,2,0
"3573",0,0,0,0,1,0,1,2,1
"3574",1,2,2,3,2,0,1,1,2
"3575",1,1,0,1,1,0,2,2,1
"3576",2,1,1,2,2,1,2,2,1
"3577",9,7,8,7,3,3,7,8,4
"3578",9,5,8,5,7,2,6,8,3
"3579",9,9,9,8,9,5,7,9,7
"3580",10,10,9,5,7,4,8,9,6
"3581",8,7,8,7,4,4,7,9,6
"3582",9,3,9,5,2,6,7,8,5
"3583",9,8,8,7,6,5,8,8,6
"3584",9,5,7,3,6,4,7,6,3
"3585",9,6,8,3,7,1,7,7,4
"3586",10,7,10,8,8,5,7,10,8
"3587",9,6,8,6,7,2,6,7,3
"3588",6,6,4,5,5,5,5,5,5
"3589",4,5,5,6,6,6,5,5,7
"3590",5,5,5,4,5,5,5,5,5
"3591",6,5,7,7,7,7,5,7,5
"3592",6,4,5,7,6,4,5,5,4
"3593",4,5,4,6,5,5,5,5,7
"3594",4,5,4,7,5,8,5,5,7
"3595",6,6,6,6,5,5,5,5,5
"3596",7,8,7,9,5,6,6,6,7
"3597",4,4,6,4,6,5,6,5,6
"3598",5,6,4,4,4,7,6,5,5
"3599",0,0,0,1,1,0,1,2,0
"3600",2,0,1,2,2,0,1,2,2
"3601",1,1,1,1,1,0,1,1,0
"3602",1,0,2,2,1,0,2,2,0
"3603",0,0,0,1,2,0,1,1,0
"3604",1,0,2,2,2,0,1,2,1
"3605",0,0,0,0,1,0,1,2,0
"3606",1,9,1,2,1,1,1,1,2
"3607",0,0,2,1,0,0,1,1,0
"3608",1,1,2,3,2,2,1,1,2
"3609",1,0,0,1,1,0,1,2,1
"3610",6,2,5,4,4,0,5,5,2
"3611",8,5,6,7,6,5,6,8,4
"3612",8,4,9,3,5,0,6,8,2
"3613",1,3,7,2,1,3,5,6,2
"3614",8,2,7,3,7,0,4,6,1
"3615",3,3,5,3,2,2,4,4,1
"3616",6,2,7,3,4,0,5,5,2
"3617",7,2,6,3,3,3,4,6,4
"3618",5,3,5,3,5,1,4,4,2
"3619",6,5,6,0,4,0,5,8,1
"3620",7,3,5,3,5,2,6,7,5
"3621",3,5,0,8,7,8,9,5,7
"3622",4,4,5,5,5,6,5,4,5
"3623",4,4,3,7,3,7,4,3,8
"3624",5,5,3,3,6,6,6,5,7
"3625",2,2,5,6,2,8,6,4,7
"3626",3,3,4,6,3,4,4,5,7
"3627",4,4,3,4,4,4,4,3,5
"3628",5,6,6,8,10,10,8,5,9
"3629",4,6,5,6,7,8,6,6,10
"3630",5,5,3,4,4,6,4,4,5
"3631",7,10,8,7,10,8,8,8,8
"3632",6,3,6,7,6,4,5,5,3
"3633",5,4,6,4,5,3,6,6,5
"3634",5,5,5,6,6,6,6,7,6
"3635",6,10,5,6,8,7,7,7,7
"3636",4,6,5,7,7,7,7,6,9
"3637",8,8,7,8,6,4,6,7,6
"3638",6,5,6,6,6,6,5,5,6
"3639",4,5,5,5,5,2,5,6,5
"3640",5,5,5,7,5,5,6,5,6
"3641",6,7,6,5,5,6,5,5,6
"3642",7,3,5,5,7,6,6,6,8
"3643",5,10,6,10,3,10,9,8,9
"3644",3,5,0,0,9,1,3,4,1
"3645",2,10,6,10,9,10,10,10,10
"3646",2,5,3,0,2,4,1,2,1
"3647",3,6,6,1,9,9,8,9,5
"3648",0,10,5,10,7,10,9,5,10
"3649",5,2,0,3,9,3,3,3,3
"3650",5,8,5,10,9,10,10,5,8
"3651",5,0,0,0,5,0,2,2,1
"3652",5,5,5,6,7,6,7,5,6
"3653",6,10,6,10,7,10,8,6,10
"3654",5,5,4,4,9,3,4,5,3
"3655",4,9,6,9,7,10,9,5,10
"3656",1,1,1,0,4,0,2,2,0
"3657",5,5,5,6,9,5,7,5,5
"3658",3,9,5,9,3,9,8,7,9
"3659",3,3,3,3,7,3,5,4,3
"3660",3,9,5,9,7,9,8,7,9
"3661",3,1,1,1,2,1,3,2,2
"3662",5,7,5,8,7,8,7,7,7
"3663",8,10,9,10,3,10,9,10,10
"3664",3,4,3,4,6,3,4,4,3
"3665",6,10,9,10,9,10,10,10,10
"3666",1,0,1,0,1,1,1,2,1
"3667",6,4,4,6,9,5,7,6,5
"3668",5,8,5,9,10,9,7,7,9
"3669",4,5,4,3,5,2,4,5,6
"3670",7,9,6,10,10,10,9,7,10
"3671",2,1,1,0,1,0,1,1,1
"3672",6,1,5,0,2,1,7,8,2
"3673",5,4,8,9,8,9,6,5,10
"3674",7,1,4,5,9,5,3,3,5
"3675",9,1,8,10,10,10,10,3,10
"3676",7,0,1,1,3,2,2,2,2
"3677",8,4,3,9,9,10,8,5,7
"3678",5,10,7,10,6,9,8,7,10
"3679",5,2,3,0,8,2,5,5,5
"3680",5,8,5,10,8,9,9,7,10
"3681",5,0,0,0,5,0,2,2,3
"3682",5,3,4,2,8,2,7,5,6
"3683",1,10,7,8,3,9,8,6,8
"3684",2,1,1,1,8,2,2,3,2
"3685",0,7,7,8,6,10,9,7,8
"3686",2,1,1,1,2,1,1,2,1
"3687",3,2,2,2,8,6,6,5,4
"3688",7,5,6,6,8,2,6,6,4
"3689",6,6,6,7,6,5,7,7,5
"3690",6,5,6,7,6,4,7,8,5
"3691",3,5,5,4,7,2,7,7,3
"3692",2,9,9,8,9,8,8,8,8
"3693",5,7,5,8,7,3,7,7,7
"3694",6,4,4,9,6,2,7,6,4
"3695",10,6,8,7,10,0,7,7,3
"3696",6,4,6,6,5,6,6,6,8
"3697",9,8,8,9,10,8,9,9,9
"3698",8,6,7,8,7,5,7,8,7
"3699",6,6,7,8,8,4,7,7,7
"3700",8,9,9,9,8,2,8,7,8
"3701",6,6,8,8,8,5,7,7,6
"3702",6,7,6,7,8,2,7,7,7
"3703",5,6,6,7,7,3,7,6,7
"3704",7,6,7,7,9,4,7,7,7
"3705",1,6,3,3,6,2,2,3,3
"3706",6,3,3,3,5,3,4,4,2
"3707",1,3,2,3,2,1,2,2,1
"3708",1,2,1,5,5,1,2,2,5
"3709",2,1,2,3,5,1,2,2,3
"3710",2,4,2,3,4,2,2,2,3
"3711",0,4,2,2,2,0,2,1,2
"3712",2,4,2,3,4,2,1,2,3
"3713",2,3,3,4,6,3,3,2,2
"3714",0,2,1,2,3,1,2,2,3
"3715",0,0,0,6,3,0,1,1,1
"3716",0,6,0,3,2,0,1,1,2
"3717",1,3,2,4,4,2,2,2,2
"3718",0,3,0,2,2,0,2,2,2
"3719",0,2,0,3,1,0,1,1,0
"3720",1,4,1,2,3,0,1,2,2
"3721",3,4,3,3,3,3,3,2,3
"3722",3,4,4,2,2,1,4,4,1
"3723",6,3,4,3,5,2,5,6,4
"3724",5,3,5,2,3,1,5,5,1
"3725",4,5,4,3,3,2,5,5,2
"3726",4,2,3,2,3,1,5,5,1
"3727",4,2,4,4,3,1,5,5,3
"3728",1,3,3,1,2,0,3,4,2
"3729",6,4,4,2,2,1,5,6,1
"3730",4,4,4,0,2,1,4,4,2
"3731",4,3,3,1,4,0,4,3,0
"3732",6,5,4,3,2,2,6,6,2
"3733",4,7,4,2,2,2,3,4,2
"3734",8,1,2,2,2,2,3,3,1
"3735",5,3,3,1,4,0,4,4,0
"3736",2,0,1,8,1,0,3,3,0
"3737",3,3,4,2,2,0,4,4,2
"3738",4,3,3,1,2,0,4,5,2
"3739",9,0,2,1,2,2,3,2,1
"3740",2,1,3,2,1,1,2,3,0
"3741",1,1,1,1,1,1,1,1,1
"3742",2,10,2,2,1,2,2,2,0
"3743",0,0,1,1,1,0,0,1,0
"3744",2,0,2,2,2,0,3,3,1
"3745",3,1,3,3,4,2,3,4,1
"3746",1,0,2,2,2,0,2,2,1
"3747",0,0,2,2,1,0,2,1,0
"3748",3,1,3,3,3,1,2,1,1
"3749",2,1,1,1,2,0,2,3,2
"3750",3,1,3,3,3,2,3,4,1
"3751",2,0,2,1,2,0,3,3,0
"3752",1,1,1,1,2,1,1,1,2
"3753",1,0,2,1,1,0,2,2,1
"3754",0,0,0,1,0,0,1,1,0
"3755",0,0,0,1,1,0,2,2,1
"3756",4,3,2,1,1,0,3,4,2
"3757",3,4,4,4,3,2,3,3,2
"3758",4,2,4,5,4,2,4,4,3
"3759",3,0,3,3,2,2,3,3,2
"3760",4,4,4,4,2,2,4,4,2
"3761",6,5,7,5,4,6,6,7,6
"3762",5,4,4,5,2,1,5,5,3
"3763",1,1,1,2,2,1,2,2,2
"3764",3,3,3,3,1,2,3,3,3
"3765",4,6,4,6,2,2,5,4,4
"3766",3,3,1,1,2,0,3,3,1
"3767",4,4,5,4,4,3,4,4,3
"3768",5,3,4,3,4,1,4,4,3
"3769",8,1,2,2,2,1,3,2,2
"3770",2,0,2,6,0,0,3,3,1
"3771",3,3,3,3,2,0,3,3,3
"3772",4,4,4,4,4,4,4,4,5
"3773",5,5,7,3,3,3,8,8,3
"3774",5,6,7,6,4,4,9,6,4
"3775",2,2,2,3,2,2,2,2,2
"3776",4,3,4,2,3,2,4,4,3
"3777",3,3,1,0,1,0,2,3,2
"3778",6,7,6,8,8,5,6,6,3
"3779",4,4,4,4,4,4,3,4,4
"3780",4,6,4,6,2,2,4,3,4
"3781",7,7,6,10,8,8,8,7,9
"3782",9,9,10,9,10,10,9,9,10
"3783",4,4,4,4,3,3,4,4,5
"3784",3,4,3,4,3,2,2,3,2
"3785",3,3,3,3,2,0,3,3,3
"3786",3,4,3,1,2,2,3,4,2
"3787",3,9,5,3,10,7,7,5,7
"3788",2,1,2,3,3,1,4,3,3
"3789",4,4,4,1,2,1,3,4,1
"3790",7,9,6,10,10,6,9,8,7
"3791",7,7,7,8,9,7,8,8,7
"3792",10,9,10,10,10,8,10,10,9
"3793",9,10,9,10,10,10,9,9,9
"3794",6,7,5,8,9,7,8,5,8
"3795",6,7,5,7,9,6,8,5,7
"3796",9,9,9,10,10,8,9,9,10
"3797",7,10,5,10,10,7,8,7,8
"3798",3,10,8,8,10,9,9,9,9
"3799",7,7,6,8,9,7,8,7,6
"3800",7,8,8,9,9,8,9,8,9
"3801",4,9,5,9,8,9,8,6,9
"3802",10,10,10,10,10,10,10,10,10
"3803",6,9,5,9,10,10,9,7,9
"3804",6,6,8,4,9,5,6,9,5
"3805",6,5,6,7,9,6,8,7,6
"3806",10,10,10,10,10,8,9,10,9
"3807",10,10,10,10,10,10,10,10,10
"3808",2,7,4,9,9,8,8,4,9
"3809",7,6,6,8,7,7,8,7,7
"3810",5,6,4,8,9,10,8,4,10
"3811",7,8,7,7,9,7,8,8,9
"3812",2,2,2,3,4,3,1,2,3
"3813",9,9,9,10,10,9,8,7,9
"3814",7,8,7,7,9,7,8,7,8
"3815",10,8,10,10,7,7,7,10,8
"3816",7,6,5,6,8,9,8,6,8
"3817",8,7,5,7,8,10,8,7,6
"3818",10,7,10,8,8,9,9,8,9
"3819",7,6,8,8,8,7,8,8,8
"3820",7,8,6,2,8,9,8,8,7
"3821",2,4,3,2,2,1,2,3,5
"3822",6,7,7,10,10,10,8,8,10
"3823",9,9,8,10,10,10,9,8,9
